path,condition,stage,size_bytes
benchmarks/synbios_moe/ground_truth_first_batch_benchmark/20260725T094600Z/operation_logs/synbios_p_ground_truth_first_batch_benchmark_p_a_validation/20260725-174547/events.out.tfevents.1784972747.ml-ubuntu22-04-desktop-v3-2-128gb-25m.128853.0,other,benchmark,1775
benchmarks/synbios_moe/ground_truth_first_batch_benchmark/20260725T094600Z/operation_logs/synbios_p_ground_truth_first_batch_benchmark_p_b_validation/20260725-174547/events.out.tfevents.1784972747.ml-ubuntu22-04-desktop-v3-2-128gb-25m.128854.0,other,benchmark,1775
benchmarks/synbios_moe/probe_batch_benchmark/multi5_permute/20260723T060246Z/operation_logs/synbios_p_probe_batch_benchmark_p_a_training/20260723-140321/events.out.tfevents.1784786602.ml-ubuntu22-04-desktop-v3-2-128gb-25m.17603.0,multi5_permute,benchmark,88
benchmarks/synbios_moe/probe_batch_benchmark/multi5_permute/20260723T060246Z/operation_logs/synbios_p_probe_batch_benchmark_p_b_training/20260723-140321/events.out.tfevents.1784786602.ml-ubuntu22-04-desktop-v3-2-128gb-25m.17605.0,multi5_permute,benchmark,88
benchmarks/synbios_moe/probe_batch_benchmark/multi5_permute/20260723T060246Z/operation_logs/synbios_q_probe_batch_benchmark_q_a_training/20260723-140322/events.out.tfevents.1784786602.ml-ubuntu22-04-desktop-v3-2-128gb-25m.17604.0,multi5_permute,benchmark,88
benchmarks/synbios_moe/probe_batch_benchmark/multi5_permute/20260723T060246Z/operation_logs/synbios_q_probe_batch_benchmark_q_b_training/20260723-140322/events.out.tfevents.1784786602.ml-ubuntu22-04-desktop-v3-2-128gb-25m.17606.0,multi5_permute,benchmark,88
benchmarks/synbios_moe/probe_batch_benchmark/multi5_permute/20260723T060430Z/operation_logs/synbios_p_probe_batch_benchmark_p_a_training/20260723-140512/events.out.tfevents.1784786712.ml-ubuntu22-04-desktop-v3-2-128gb-25m.18644.0,multi5_permute,benchmark,19020
benchmarks/synbios_moe/probe_batch_benchmark/multi5_permute/20260723T060430Z/operation_logs/synbios_p_probe_batch_benchmark_p_a_validation/20260723-140541/events.out.tfevents.1784786741.ml-ubuntu22-04-desktop-v3-2-128gb-25m.19215.0,multi5_permute,benchmark,19020
benchmarks/synbios_moe/probe_batch_benchmark/multi5_permute/20260723T060430Z/operation_logs/synbios_p_probe_batch_benchmark_p_b_training/20260723-140512/events.out.tfevents.1784786712.ml-ubuntu22-04-desktop-v3-2-128gb-25m.18646.0,multi5_permute,benchmark,19020
benchmarks/synbios_moe/probe_batch_benchmark/multi5_permute/20260723T060430Z/operation_logs/synbios_p_probe_batch_benchmark_p_b_validation/20260723-140540/events.out.tfevents.1784786740.ml-ubuntu22-04-desktop-v3-2-128gb-25m.19217.0,multi5_permute,benchmark,19020
benchmarks/synbios_moe/probe_batch_benchmark/multi5_permute/20260723T060430Z/operation_logs/synbios_q_probe_batch_benchmark_q_a_training/20260723-140512/events.out.tfevents.1784786712.ml-ubuntu22-04-desktop-v3-2-128gb-25m.18645.0,multi5_permute,benchmark,19020
benchmarks/synbios_moe/probe_batch_benchmark/multi5_permute/20260723T060430Z/operation_logs/synbios_q_probe_batch_benchmark_q_a_validation/20260723-140541/events.out.tfevents.1784786741.ml-ubuntu22-04-desktop-v3-2-128gb-25m.19216.0,multi5_permute,benchmark,19020
benchmarks/synbios_moe/probe_batch_benchmark/multi5_permute/20260723T060430Z/operation_logs/synbios_q_probe_batch_benchmark_q_b_training/20260723-140512/events.out.tfevents.1784786712.ml-ubuntu22-04-desktop-v3-2-128gb-25m.18647.0,multi5_permute,benchmark,19020
benchmarks/synbios_moe/probe_batch_benchmark/multi5_permute/20260723T060430Z/operation_logs/synbios_q_probe_batch_benchmark_q_b_validation/20260723-140540/events.out.tfevents.1784786740.ml-ubuntu22-04-desktop-v3-2-128gb-25m.19218.0,multi5_permute,benchmark,19020
benchmarks/synbios_moe/probe_batch_benchmark/multi5_permute/20260723T060600Z/operation_logs/synbios_p_probe_batch_benchmark_p_a_training/20260723-140718/events.out.tfevents.1784786838.ml-ubuntu22-04-desktop-v3-2-128gb-25m.20347.0,multi5_permute,benchmark,34054
benchmarks/synbios_moe/probe_batch_benchmark/multi5_permute/20260723T060600Z/operation_logs/synbios_p_probe_batch_benchmark_p_a_validation/20260723-140814/events.out.tfevents.1784786894.ml-ubuntu22-04-desktop-v3-2-128gb-25m.21013.0,multi5_permute,benchmark,29367
benchmarks/synbios_moe/probe_batch_benchmark/multi5_permute/20260723T060600Z/operation_logs/synbios_p_probe_batch_benchmark_p_b_training/20260723-140718/events.out.tfevents.1784786838.ml-ubuntu22-04-desktop-v3-2-128gb-25m.20349.0,multi5_permute,benchmark,34054
benchmarks/synbios_moe/probe_batch_benchmark/multi5_permute/20260723T060600Z/operation_logs/synbios_p_probe_batch_benchmark_p_b_validation/20260723-140814/events.out.tfevents.1784786894.ml-ubuntu22-04-desktop-v3-2-128gb-25m.21015.0,multi5_permute,benchmark,29367
benchmarks/synbios_moe/probe_batch_benchmark/multi5_permute/20260723T060600Z/operation_logs/synbios_q_probe_batch_benchmark_q_a_training/20260723-140718/events.out.tfevents.1784786838.ml-ubuntu22-04-desktop-v3-2-128gb-25m.20348.0,multi5_permute,benchmark,34850
benchmarks/synbios_moe/probe_batch_benchmark/multi5_permute/20260723T060600Z/operation_logs/synbios_q_probe_batch_benchmark_q_a_validation/20260723-140814/events.out.tfevents.1784786894.ml-ubuntu22-04-desktop-v3-2-128gb-25m.21014.0,multi5_permute,benchmark,36265
benchmarks/synbios_moe/probe_batch_benchmark/multi5_permute/20260723T060600Z/operation_logs/synbios_q_probe_batch_benchmark_q_b_training/20260723-140718/events.out.tfevents.1784786838.ml-ubuntu22-04-desktop-v3-2-128gb-25m.20350.0,multi5_permute,benchmark,34850
benchmarks/synbios_moe/probe_batch_benchmark/multi5_permute/20260723T060600Z/operation_logs/synbios_q_probe_batch_benchmark_q_b_validation/20260723-140814/events.out.tfevents.1784786894.ml-ubuntu22-04-desktop-v3-2-128gb-25m.21016.0,multi5_permute,benchmark,36265
cloze/synbios_moe/multi5_permute/full_500k/operation_logs/synbios_cloze_evaluate_shard_0/20260721-181213/events.out.tfevents.1784628733.ml-ubuntu22-04-desktop-v3-2-128gb-25m.76167.0,multi5_permute,cloze,41474
cloze/synbios_moe/multi5_permute/full_500k/operation_logs/synbios_cloze_evaluate_shard_1/20260721-181213/events.out.tfevents.1784628733.ml-ubuntu22-04-desktop-v3-2-128gb-25m.76176.0,multi5_permute,cloze,41474
cloze/synbios_moe/multi5_permute/full_500k/operation_logs/synbios_cloze_evaluate_shard_2/20260721-181213/events.out.tfevents.1784628733.ml-ubuntu22-04-desktop-v3-2-128gb-25m.76185.0,multi5_permute,cloze,41474
cloze/synbios_moe/multi5_permute/full_500k/operation_logs/synbios_cloze_evaluate_shard_3/20260721-181213/events.out.tfevents.1784628733.ml-ubuntu22-04-desktop-v3-2-128gb-25m.76188.0,multi5_permute,cloze,41474
cloze/synbios_moe/single/full_100k/operation_logs/synbios_cloze_evaluate_shard_0/20260721-135754/events.out.tfevents.1784613474.ml-ubuntu22-04-desktop-v3-2-128gb-25m.23098.0,single,cloze,22434
cloze/synbios_moe/single/full_100k/operation_logs/synbios_cloze_evaluate_shard_1/20260721-135754/events.out.tfevents.1784613474.ml-ubuntu22-04-desktop-v3-2-128gb-25m.23101.0,single,cloze,22434
cloze/synbios_moe/single/full_100k/operation_logs/synbios_cloze_evaluate_shard_1/20260721-140820/events.out.tfevents.1784614100.ml-ubuntu22-04-desktop-v3-2-128gb-25m.27271.0,single,cloze,22434
cloze/synbios_moe/single/full_100k/operation_logs/synbios_cloze_evaluate_shard_2/20260721-135754/events.out.tfevents.1784613474.ml-ubuntu22-04-desktop-v3-2-128gb-25m.23104.0,single,cloze,22434
cloze/synbios_moe/single/full_100k/operation_logs/synbios_cloze_evaluate_shard_2/20260721-140820/events.out.tfevents.1784614100.ml-ubuntu22-04-desktop-v3-2-128gb-25m.27274.0,single,cloze,22434
cloze/synbios_moe/single/full_100k/operation_logs/synbios_cloze_evaluate_shard_3/20260721-135754/events.out.tfevents.1784613474.ml-ubuntu22-04-desktop-v3-2-128gb-25m.23107.0,single,cloze,22434
cloze/synbios_moe/single/full_100k/operation_logs/synbios_cloze_evaluate_shard_3/20260721-140820/events.out.tfevents.1784614100.ml-ubuntu22-04-desktop-v3-2-128gb-25m.27277.0,single,cloze,22434
pretraining/synbios_moe/preparation_logs/synbios_prepare_multi5_permute/20260721-143713/events.out.tfevents.1784615833.ml-ubuntu22-04-desktop-v3-2-128gb-25m.39621.0,multi5_permute,preparation,1278
pretraining/synbios_moe/preparation_logs/synbios_prepare_single/20260721-035827/events.out.tfevents.1784577507.ml-ubuntu22-04-desktop-v3-2-128gb-25m.147532.0,single,preparation,1278
pretraining/synbios_moe/runs/synbios_moe_multi5_permute_fsdp_4gpu/20260721-144408/events.out.tfevents.1784616248.ml-ubuntu22-04-desktop-v3-2-128gb-25m.42143.0,multi5_permute,pretraining,6231321
pretraining/synbios_moe/runs/synbios_moe_single_fsdp_4gpu/20260721-045620/events.out.tfevents.1784580980.ml-ubuntu22-04-desktop-v3-2-128gb-25m.191522.0,single,pretraining,27376320
probes/synbios_moe/multi5_permute/formal/diagnostics/ground_truth_first_whole_rank_matched_pilot4000_20260725T100100Z/operation_logs/synbios_p_ground_truth_first_whole_p_birth_city/20260725-180121/events.out.tfevents.1784973681.ml-ubuntu22-04-desktop-v3-2-128gb-25m.135517.0,multi5_permute,probe_formal,49408
probes/synbios_moe/multi5_permute/formal/diagnostics/ground_truth_first_whole_rank_matched_pilot4000_20260725T100100Z/operation_logs/synbios_p_ground_truth_first_whole_p_birth_city/20260725-181042/events.out.tfevents.1784974242.ml-ubuntu22-04-desktop-v3-2-128gb-25m.139367.0,multi5_permute,probe_formal,105323
probes/synbios_moe/multi5_permute/formal/diagnostics/ground_truth_first_whole_rank_matched_pilot4000_20260725T100100Z/operation_logs/synbios_p_ground_truth_first_whole_p_company/20260725-180121/events.out.tfevents.1784973681.ml-ubuntu22-04-desktop-v3-2-128gb-25m.135520.0,multi5_permute,probe_formal,46464
probes/synbios_moe/multi5_permute/formal/diagnostics/ground_truth_first_whole_rank_matched_pilot4000_20260725T100100Z/operation_logs/synbios_p_ground_truth_first_whole_p_company/20260725-181042/events.out.tfevents.1784974242.ml-ubuntu22-04-desktop-v3-2-128gb-25m.139370.0,multi5_permute,probe_formal,105323
probes/synbios_moe/multi5_permute/formal/diagnostics/ground_truth_first_whole_rank_matched_pilot4000_20260725T100100Z/operation_logs/synbios_p_ground_truth_first_whole_p_company_city/20260725-183838/events.out.tfevents.1784975918.ml-ubuntu22-04-desktop-v3-2-128gb-25m.147810.0,multi5_permute,probe_formal,138092
probes/synbios_moe/multi5_permute/formal/diagnostics/ground_truth_first_whole_rank_matched_pilot4000_20260725T100100Z/operation_logs/synbios_p_ground_truth_first_whole_p_major/20260725-180121/events.out.tfevents.1784973681.ml-ubuntu22-04-desktop-v3-2-128gb-25m.135519.0,multi5_permute,probe_formal,49408
probes/synbios_moe/multi5_permute/formal/diagnostics/ground_truth_first_whole_rank_matched_pilot4000_20260725T100100Z/operation_logs/synbios_p_ground_truth_first_whole_p_major/20260725-181042/events.out.tfevents.1784974242.ml-ubuntu22-04-desktop-v3-2-128gb-25m.139369.0,multi5_permute,probe_formal,105419
probes/synbios_moe/multi5_permute/formal/diagnostics/ground_truth_first_whole_rank_matched_pilot4000_20260725T100100Z/operation_logs/synbios_p_ground_truth_first_whole_p_university/20260725-180121/events.out.tfevents.1784973681.ml-ubuntu22-04-desktop-v3-2-128gb-25m.135518.0,multi5_permute,probe_formal,46428
probes/synbios_moe/multi5_permute/formal/diagnostics/ground_truth_first_whole_rank_matched_pilot4000_20260725T100100Z/operation_logs/synbios_p_ground_truth_first_whole_p_university/20260725-181042/events.out.tfevents.1784974242.ml-ubuntu22-04-desktop-v3-2-128gb-25m.139368.0,multi5_permute,probe_formal,105323
probes/synbios_moe/multi5_permute/formal/diagnostics/operation_logs/synbios_q_bad_case_route_validation_bad_case_routes/20260724-003604/events.out.tfevents.1784824564.ml-ubuntu22-04-desktop-v3-2-128gb-25m.227140.0,multi5_permute,probe_formal,89777
probes/synbios_moe/multi5_permute/formal/diagnostics/operation_logs/synbios_q_oracle_first_token_validation_oracle_first_token/20260724-003604/events.out.tfevents.1784824564.ml-ubuntu22-04-desktop-v3-2-128gb-25m.227135.0,multi5_permute,probe_formal,91247
probes/synbios_moe/multi5_permute/formal/operation_logs/synbios_probe_pipeline_probe_pipeline/20260723-211027/events.out.tfevents.1784812227.ml-ubuntu22-04-desktop-v3-2-128gb-25m.161782.0,multi5_permute,probe_formal,7896661
probes/synbios_moe/multi5_permute/formal/router/operation_logs/synbios_analyze_birth_city/20260724-003348/events.out.tfevents.1784824428.ml-ubuntu22-04-desktop-v3-2-128gb-25m.225569.0,multi5_permute,probe_formal,3328
probes/synbios_moe/multi5_permute/formal/router/operation_logs/synbios_analyze_birth_date/20260724-003339/events.out.tfevents.1784824419.ml-ubuntu22-04-desktop-v3-2-128gb-25m.225410.0,multi5_permute,probe_formal,3328
probes/synbios_moe/multi5_permute/formal/router/operation_logs/synbios_analyze_company/20260724-003413/events.out.tfevents.1784824453.ml-ubuntu22-04-desktop-v3-2-128gb-25m.226026.0,multi5_permute,probe_formal,3328
probes/synbios_moe/multi5_permute/formal/router/operation_logs/synbios_analyze_company_city/20260724-003422/events.out.tfevents.1784824462.ml-ubuntu22-04-desktop-v3-2-128gb-25m.226208.0,multi5_permute,probe_formal,3328
probes/synbios_moe/multi5_permute/formal/router/operation_logs/synbios_analyze_major/20260724-003405/events.out.tfevents.1784824445.ml-ubuntu22-04-desktop-v3-2-128gb-25m.225864.0,multi5_permute,probe_formal,3328
probes/synbios_moe/multi5_permute/formal/router/operation_logs/synbios_analyze_university/20260724-003356/events.out.tfevents.1784824436.ml-ubuntu22-04-desktop-v3-2-128gb-25m.225699.0,multi5_permute,probe_formal,3328
probes/synbios_moe/multi5_permute/formal/training/operation_logs/synbios_p_probe_p_birth_city_first/20260723-211030/events.out.tfevents.1784812230.ml-ubuntu22-04-desktop-v3-2-128gb-25m.161858.0,multi5_permute,probe_formal,154775
probes/synbios_moe/multi5_permute/formal/training/operation_logs/synbios_p_probe_p_birth_city_whole/20260723-212544/events.out.tfevents.1784813144.ml-ubuntu22-04-desktop-v3-2-128gb-25m.167401.0,multi5_permute,probe_formal,427188
probes/synbios_moe/multi5_permute/formal/training/operation_logs/synbios_p_probe_p_birth_date_first/20260723-211030/events.out.tfevents.1784812230.ml-ubuntu22-04-desktop-v3-2-128gb-25m.161856.0,multi5_permute,probe_formal,154773
probes/synbios_moe/multi5_permute/formal/training/operation_logs/synbios_p_probe_p_company_city_first/20260723-231400/events.out.tfevents.1784819640.ml-ubuntu22-04-desktop-v3-2-128gb-25m.195798.0,multi5_permute,probe_formal,155338
probes/synbios_moe/multi5_permute/formal/training/operation_logs/synbios_p_probe_p_company_city_whole/20260723-233240/events.out.tfevents.1784820760.ml-ubuntu22-04-desktop-v3-2-128gb-25m.201569.0,multi5_permute,probe_formal,436330
probes/synbios_moe/multi5_permute/formal/training/operation_logs/synbios_p_probe_p_company_first/20260723-223111/events.out.tfevents.1784817071.ml-ubuntu22-04-desktop-v3-2-128gb-25m.186284.0,multi5_permute,probe_formal,154889
probes/synbios_moe/multi5_permute/formal/training/operation_logs/synbios_p_probe_p_company_whole/20260723-224653/events.out.tfevents.1784818013.ml-ubuntu22-04-desktop-v3-2-128gb-25m.189688.0,multi5_permute,probe_formal,434412
probes/synbios_moe/multi5_permute/formal/training/operation_logs/synbios_p_probe_p_major_first/20260723-221035/events.out.tfevents.1784815835.ml-ubuntu22-04-desktop-v3-2-128gb-25m.181578.0,multi5_permute,probe_formal,154725
probes/synbios_moe/multi5_permute/formal/training/operation_logs/synbios_p_probe_p_major_whole/20260723-222906/events.out.tfevents.1784816946.ml-ubuntu22-04-desktop-v3-2-128gb-25m.185652.0,multi5_permute,probe_formal,427190
probes/synbios_moe/multi5_permute/formal/training/operation_logs/synbios_p_probe_p_university_first/20260723-212846/events.out.tfevents.1784813326.ml-ubuntu22-04-desktop-v3-2-128gb-25m.168918.0,multi5_permute,probe_formal,154981
probes/synbios_moe/multi5_permute/formal/training/operation_logs/synbios_p_probe_p_university_whole/20260723-214410/events.out.tfevents.1784814250.ml-ubuntu22-04-desktop-v3-2-128gb-25m.174894.0,multi5_permute,probe_formal,426906
probes/synbios_moe/multi5_permute/formal/training/operation_logs/synbios_q_probe_q_birth_city_first/20260723-211030/events.out.tfevents.1784812230.ml-ubuntu22-04-desktop-v3-2-128gb-25m.161859.0,multi5_permute,probe_formal,128542
probes/synbios_moe/multi5_permute/formal/training/operation_logs/synbios_q_probe_q_birth_city_whole/20260723-212549/events.out.tfevents.1784813149.ml-ubuntu22-04-desktop-v3-2-128gb-25m.167511.0,multi5_permute,probe_formal,367478
probes/synbios_moe/multi5_permute/formal/training/operation_logs/synbios_q_probe_q_birth_date_first/20260723-211030/events.out.tfevents.1784812230.ml-ubuntu22-04-desktop-v3-2-128gb-25m.161857.0,multi5_permute,probe_formal,128542
probes/synbios_moe/multi5_permute/formal/training/operation_logs/synbios_q_probe_q_company_city_first/20260723-231842/events.out.tfevents.1784819922.ml-ubuntu22-04-desktop-v3-2-128gb-25m.197076.0,multi5_permute,probe_formal,128542
probes/synbios_moe/multi5_permute/formal/training/operation_logs/synbios_q_probe_q_company_city_whole/20260723-233344/events.out.tfevents.1784820824.ml-ubuntu22-04-desktop-v3-2-128gb-25m.201932.0,multi5_permute,probe_formal,367478
probes/synbios_moe/multi5_permute/formal/training/operation_logs/synbios_q_probe_q_company_first/20260723-223200/events.out.tfevents.1784817120.ml-ubuntu22-04-desktop-v3-2-128gb-25m.186539.0,multi5_permute,probe_formal,128542
probes/synbios_moe/multi5_permute/formal/training/operation_logs/synbios_q_probe_q_company_whole/20260723-224941/events.out.tfevents.1784818181.ml-ubuntu22-04-desktop-v3-2-128gb-25m.190464.0,multi5_permute,probe_formal,367478
probes/synbios_moe/multi5_permute/formal/training/operation_logs/synbios_q_probe_q_major_first/20260723-221445/events.out.tfevents.1784816085.ml-ubuntu22-04-desktop-v3-2-128gb-25m.182486.0,multi5_permute,probe_formal,128542
probes/synbios_moe/multi5_permute/formal/training/operation_logs/synbios_q_probe_q_major_whole/20260723-222943/events.out.tfevents.1784816983.ml-ubuntu22-04-desktop-v3-2-128gb-25m.185882.0,multi5_permute,probe_formal,367478
probes/synbios_moe/multi5_permute/formal/training/operation_logs/synbios_q_probe_q_university_first/20260723-212921/events.out.tfevents.1784813361.ml-ubuntu22-04-desktop-v3-2-128gb-25m.169179.0,multi5_permute,probe_formal,128542
probes/synbios_moe/multi5_permute/formal/training/operation_logs/synbios_q_probe_q_university_whole/20260723-214708/events.out.tfevents.1784814428.ml-ubuntu22-04-desktop-v3-2-128gb-25m.176057.0,multi5_permute,probe_formal,367478
probes/synbios_moe/multi5_permute/formal/validation/operation_logs/synbios_p_probe_validation_p_birth_city_first/20260724-002144/events.out.tfevents.1784823704.ml-ubuntu22-04-desktop-v3-2-128gb-25m.217992.0,multi5_permute,probe_formal,16815
probes/synbios_moe/multi5_permute/formal/validation/operation_logs/synbios_p_probe_validation_p_birth_city_whole/20260724-002202/events.out.tfevents.1784823722.ml-ubuntu22-04-desktop-v3-2-128gb-25m.218466.0,multi5_permute,probe_formal,16912
probes/synbios_moe/multi5_permute/formal/validation/operation_logs/synbios_p_probe_validation_p_birth_date_first/20260724-002144/events.out.tfevents.1784823704.ml-ubuntu22-04-desktop-v3-2-128gb-25m.217990.0,multi5_permute,probe_formal,16815
probes/synbios_moe/multi5_permute/formal/validation/operation_logs/synbios_p_probe_validation_p_company_city_first/20260724-002940/events.out.tfevents.1784824180.ml-ubuntu22-04-desktop-v3-2-128gb-25m.223135.0,multi5_permute,probe_formal,16815
probes/synbios_moe/multi5_permute/formal/validation/operation_logs/synbios_p_probe_validation_p_company_city_whole/20260724-003001/events.out.tfevents.1784824201.ml-ubuntu22-04-desktop-v3-2-128gb-25m.223451.0,multi5_permute,probe_formal,17493
probes/synbios_moe/multi5_permute/formal/validation/operation_logs/synbios_p_probe_validation_p_company_first/20260724-002633/events.out.tfevents.1784823993.ml-ubuntu22-04-desktop-v3-2-128gb-25m.221361.0,multi5_permute,probe_formal,16815
probes/synbios_moe/multi5_permute/formal/validation/operation_logs/synbios_p_probe_validation_p_company_whole/20260724-002924/events.out.tfevents.1784824164.ml-ubuntu22-04-desktop-v3-2-128gb-25m.222888.0,multi5_permute,probe_formal,17589
probes/synbios_moe/multi5_permute/formal/validation/operation_logs/synbios_p_probe_validation_p_major_first/20260724-002544/events.out.tfevents.1784823944.ml-ubuntu22-04-desktop-v3-2-128gb-25m.220544.0,multi5_permute,probe_formal,16815
probes/synbios_moe/multi5_permute/formal/validation/operation_logs/synbios_p_probe_validation_p_major_whole/20260724-002600/events.out.tfevents.1784823960.ml-ubuntu22-04-desktop-v3-2-128gb-25m.220846.0,multi5_permute,probe_formal,16847
probes/synbios_moe/multi5_permute/formal/validation/operation_logs/synbios_p_probe_validation_p_university_first/20260724-002220/events.out.tfevents.1784823740.ml-ubuntu22-04-desktop-v3-2-128gb-25m.218698.0,multi5_permute,probe_formal,16815
probes/synbios_moe/multi5_permute/formal/validation/operation_logs/synbios_p_probe_validation_p_university_whole/20260724-002529/events.out.tfevents.1784823929.ml-ubuntu22-04-desktop-v3-2-128gb-25m.220260.0,multi5_permute,probe_formal,16944
probes/synbios_moe/multi5_permute/formal/validation/operation_logs/synbios_q_probe_validation_q_birth_city_first/20260724-002144/events.out.tfevents.1784823704.ml-ubuntu22-04-desktop-v3-2-128gb-25m.217993.0,multi5_permute,probe_formal,5927
probes/synbios_moe/multi5_permute/formal/validation/operation_logs/synbios_q_probe_validation_q_birth_city_whole/20260724-002202/events.out.tfevents.1784823722.ml-ubuntu22-04-desktop-v3-2-128gb-25m.218467.0,multi5_permute,probe_formal,5927
probes/synbios_moe/multi5_permute/formal/validation/operation_logs/synbios_q_probe_validation_q_birth_date_first/20260724-002144/events.out.tfevents.1784823704.ml-ubuntu22-04-desktop-v3-2-128gb-25m.217991.0,multi5_permute,probe_formal,5927
probes/synbios_moe/multi5_permute/formal/validation/operation_logs/synbios_q_probe_validation_q_company_city_first/20260724-002944/events.out.tfevents.1784824184.ml-ubuntu22-04-desktop-v3-2-128gb-25m.223256.0,multi5_permute,probe_formal,5927
probes/synbios_moe/multi5_permute/formal/validation/operation_logs/synbios_q_probe_validation_q_company_city_whole/20260724-003009/events.out.tfevents.1784824209.ml-ubuntu22-04-desktop-v3-2-128gb-25m.223599.0,multi5_permute,probe_formal,5927
probes/synbios_moe/multi5_permute/formal/validation/operation_logs/synbios_q_probe_validation_q_company_first/20260724-002911/events.out.tfevents.1784824151.ml-ubuntu22-04-desktop-v3-2-128gb-25m.222677.0,multi5_permute,probe_formal,5927
probes/synbios_moe/multi5_permute/formal/validation/operation_logs/synbios_q_probe_validation_q_company_whole/20260724-002928/events.out.tfevents.1784824168.ml-ubuntu22-04-desktop-v3-2-128gb-25m.222993.0,multi5_permute,probe_formal,5927
probes/synbios_moe/multi5_permute/formal/validation/operation_logs/synbios_q_probe_validation_q_major_first/20260724-002600/events.out.tfevents.1784823960.ml-ubuntu22-04-desktop-v3-2-128gb-25m.220845.0,multi5_permute,probe_formal,5927
probes/synbios_moe/multi5_permute/formal/validation/operation_logs/synbios_q_probe_validation_q_major_whole/20260724-002617/events.out.tfevents.1784823977.ml-ubuntu22-04-desktop-v3-2-128gb-25m.221169.0,multi5_permute,probe_formal,5927
probes/synbios_moe/multi5_permute/formal/validation/operation_logs/synbios_q_probe_validation_q_university_first/20260724-002527/events.out.tfevents.1784823927.ml-ubuntu22-04-desktop-v3-2-128gb-25m.220215.0,multi5_permute,probe_formal,5927
probes/synbios_moe/multi5_permute/formal/validation/operation_logs/synbios_q_probe_validation_q_university_whole/20260724-002543/events.out.tfevents.1784823943.ml-ubuntu22-04-desktop-v3-2-128gb-25m.220499.0,multi5_permute,probe_formal,5927
probes/synbios_moe/single/formal/diagnostics/ground_truth_first_whole_p_pilot4000_20260726T033800Z/operation_logs/synbios_p_ground_truth_first_whole_p_birth_city/20260726-113707/events.out.tfevents.1785037028.ml-ubuntu22-04-desktop-v3-2-128gb-25m.63946.0,single,probe_formal,129326
probes/synbios_moe/single/formal/diagnostics/ground_truth_first_whole_p_pilot4000_20260726T033800Z/operation_logs/synbios_p_ground_truth_first_whole_p_company/20260726-113707/events.out.tfevents.1785037027.ml-ubuntu22-04-desktop-v3-2-128gb-25m.63949.0,single,probe_formal,129486
probes/synbios_moe/single/formal/diagnostics/ground_truth_first_whole_p_pilot4000_20260726T033800Z/operation_logs/synbios_p_ground_truth_first_whole_p_company_city/20260726-115459/events.out.tfevents.1785038099.ml-ubuntu22-04-desktop-v3-2-128gb-25m.68545.0,single,probe_formal,129186
probes/synbios_moe/single/formal/diagnostics/ground_truth_first_whole_p_pilot4000_20260726T033800Z/operation_logs/synbios_p_ground_truth_first_whole_p_major/20260726-113707/events.out.tfevents.1785037027.ml-ubuntu22-04-desktop-v3-2-128gb-25m.63948.0,single,probe_formal,129182
probes/synbios_moe/single/formal/diagnostics/ground_truth_first_whole_p_pilot4000_20260726T033800Z/operation_logs/synbios_p_ground_truth_first_whole_p_university/20260726-113707/events.out.tfevents.1785037027.ml-ubuntu22-04-desktop-v3-2-128gb-25m.63947.0,single,probe_formal,129534
probes/synbios_moe/single/formal/operation_logs/synbios_probe_pipeline_probe_pipeline/20260723-175500/events.out.tfevents.1784800500.ml-ubuntu22-04-desktop-v3-2-128gb-25m.104616.0,single,probe_formal,7254885
probes/synbios_moe/single/formal/router/operation_logs/synbios_analyze_birth_city/20260723-205802/events.out.tfevents.1784811482.ml-ubuntu22-04-desktop-v3-2-128gb-25m.156280.0,single,probe_formal,3328
probes/synbios_moe/single/formal/router/operation_logs/synbios_analyze_birth_date/20260723-205752/events.out.tfevents.1784811472.ml-ubuntu22-04-desktop-v3-2-128gb-25m.156092.0,single,probe_formal,3328
probes/synbios_moe/single/formal/router/operation_logs/synbios_analyze_company/20260723-205827/events.out.tfevents.1784811507.ml-ubuntu22-04-desktop-v3-2-128gb-25m.156812.0,single,probe_formal,3328
probes/synbios_moe/single/formal/router/operation_logs/synbios_analyze_company_city/20260723-205836/events.out.tfevents.1784811516.ml-ubuntu22-04-desktop-v3-2-128gb-25m.156963.0,single,probe_formal,3328
probes/synbios_moe/single/formal/router/operation_logs/synbios_analyze_major/20260723-205819/events.out.tfevents.1784811499.ml-ubuntu22-04-desktop-v3-2-128gb-25m.156627.0,single,probe_formal,3328
probes/synbios_moe/single/formal/router/operation_logs/synbios_analyze_university/20260723-205810/events.out.tfevents.1784811490.ml-ubuntu22-04-desktop-v3-2-128gb-25m.156456.0,single,probe_formal,3328
probes/synbios_moe/single/formal/training/operation_logs/synbios_p_probe_p_birth_city_first/20260723-175503/events.out.tfevents.1784800503.ml-ubuntu22-04-desktop-v3-2-128gb-25m.104701.0,single,probe_formal,162643
probes/synbios_moe/single/formal/training/operation_logs/synbios_p_probe_p_birth_city_whole/20260723-181005/events.out.tfevents.1784801405.ml-ubuntu22-04-desktop-v3-2-128gb-25m.109270.0,single,probe_formal,502932
probes/synbios_moe/single/formal/training/operation_logs/synbios_p_probe_p_birth_date_first/20260723-175503/events.out.tfevents.1784800503.ml-ubuntu22-04-desktop-v3-2-128gb-25m.104699.0,single,probe_formal,144204
probes/synbios_moe/single/formal/training/operation_logs/synbios_p_probe_p_company_city_first/20260723-195504/events.out.tfevents.1784807704.ml-ubuntu22-04-desktop-v3-2-128gb-25m.135135.0,single,probe_formal,159267
probes/synbios_moe/single/formal/training/operation_logs/synbios_p_probe_p_company_city_whole/20260723-201006/events.out.tfevents.1784808606.ml-ubuntu22-04-desktop-v3-2-128gb-25m.139353.0,single,probe_formal,455956
probes/synbios_moe/single/formal/training/operation_logs/synbios_p_probe_p_company_first/20260723-191225/events.out.tfevents.1784805146.ml-ubuntu22-04-desktop-v3-2-128gb-25m.125856.0,single,probe_formal,163859
probes/synbios_moe/single/formal/training/operation_logs/synbios_p_probe_p_company_whole/20260723-192742/events.out.tfevents.1784806062.ml-ubuntu22-04-desktop-v3-2-128gb-25m.129299.0,single,probe_formal,500468
probes/synbios_moe/single/formal/training/operation_logs/synbios_p_probe_p_major_first/20260723-185452/events.out.tfevents.1784804092.ml-ubuntu22-04-desktop-v3-2-128gb-25m.121841.0,single,probe_formal,163925
probes/synbios_moe/single/formal/training/operation_logs/synbios_p_probe_p_major_whole/20260723-191024/events.out.tfevents.1784805024.ml-ubuntu22-04-desktop-v3-2-128gb-25m.125245.0,single,probe_formal,498708
probes/synbios_moe/single/formal/training/operation_logs/synbios_p_probe_p_university_first/20260723-181100/events.out.tfevents.1784801461.ml-ubuntu22-04-desktop-v3-2-128gb-25m.109871.0,single,probe_formal,163507
probes/synbios_moe/single/formal/training/operation_logs/synbios_p_probe_p_university_whole/20260723-182631/events.out.tfevents.1784802391.ml-ubuntu22-04-desktop-v3-2-128gb-25m.113520.0,single,probe_formal,496916
probes/synbios_moe/single/formal/training/operation_logs/synbios_q_probe_q_birth_city_first/20260723-175504/events.out.tfevents.1784800504.ml-ubuntu22-04-desktop-v3-2-128gb-25m.104702.0,single,probe_formal,128542
probes/synbios_moe/single/formal/training/operation_logs/synbios_q_probe_q_birth_city_whole/20260723-181019/events.out.tfevents.1784801419.ml-ubuntu22-04-desktop-v3-2-128gb-25m.109425.0,single,probe_formal,367478
probes/synbios_moe/single/formal/training/operation_logs/synbios_q_probe_q_birth_date_first/20260723-175504/events.out.tfevents.1784800504.ml-ubuntu22-04-desktop-v3-2-128gb-25m.104700.0,single,probe_formal,128542
probes/synbios_moe/single/formal/training/operation_logs/synbios_q_probe_q_company_city_first/20260723-195510/events.out.tfevents.1784807710.ml-ubuntu22-04-desktop-v3-2-128gb-25m.135246.0,single,probe_formal,128542
probes/synbios_moe/single/formal/training/operation_logs/synbios_q_probe_q_company_city_whole/20260723-201026/events.out.tfevents.1784808626.ml-ubuntu22-04-desktop-v3-2-128gb-25m.139516.0,single,probe_formal,367478
probes/synbios_moe/single/formal/training/operation_logs/synbios_q_probe_q_company_first/20260723-191246/events.out.tfevents.1784805166.ml-ubuntu22-04-desktop-v3-2-128gb-25m.126019.0,single,probe_formal,128542
probes/synbios_moe/single/formal/training/operation_logs/synbios_q_probe_q_company_whole/20260723-192744/events.out.tfevents.1784806064.ml-ubuntu22-04-desktop-v3-2-128gb-25m.129355.0,single,probe_formal,367478
probes/synbios_moe/single/formal/training/operation_logs/synbios_q_probe_q_major_first/20260723-185737/events.out.tfevents.1784804257.ml-ubuntu22-04-desktop-v3-2-128gb-25m.122517.0,single,probe_formal,128542
probes/synbios_moe/single/formal/training/operation_logs/synbios_q_probe_q_major_whole/20260723-191052/events.out.tfevents.1784805052.ml-ubuntu22-04-desktop-v3-2-128gb-25m.125436.0,single,probe_formal,367478
probes/synbios_moe/single/formal/training/operation_logs/synbios_q_probe_q_university_first/20260723-181115/events.out.tfevents.1784801475.ml-ubuntu22-04-desktop-v3-2-128gb-25m.110038.0,single,probe_formal,128542
probes/synbios_moe/single/formal/training/operation_logs/synbios_q_probe_q_university_whole/20260723-182658/events.out.tfevents.1784802418.ml-ubuntu22-04-desktop-v3-2-128gb-25m.113705.0,single,probe_formal,367478
probes/synbios_moe/single/formal/validation/operation_logs/synbios_p_probe_validation_p_birth_city_first/20260723-205430/events.out.tfevents.1784811270.ml-ubuntu22-04-desktop-v3-2-128gb-25m.151940.0,single,probe_formal,7681
probes/synbios_moe/single/formal/validation/operation_logs/synbios_p_probe_validation_p_birth_city_whole/20260723-205448/events.out.tfevents.1784811288.ml-ubuntu22-04-desktop-v3-2-128gb-25m.152477.0,single,probe_formal,8625
probes/synbios_moe/single/formal/validation/operation_logs/synbios_p_probe_validation_p_birth_date_first/20260723-205430/events.out.tfevents.1784811270.ml-ubuntu22-04-desktop-v3-2-128gb-25m.151938.0,single,probe_formal,6747
probes/synbios_moe/single/formal/validation/operation_logs/synbios_p_probe_validation_p_company_city_first/20260723-205647/events.out.tfevents.1784811407.ml-ubuntu22-04-desktop-v3-2-128gb-25m.155047.0,single,probe_formal,7473
probes/synbios_moe/single/formal/validation/operation_logs/synbios_p_probe_validation_p_company_city_whole/20260723-205704/events.out.tfevents.1784811424.ml-ubuntu22-04-desktop-v3-2-128gb-25m.155373.0,single,probe_formal,7393
probes/synbios_moe/single/formal/validation/operation_logs/synbios_p_probe_validation_p_company_first/20260723-205614/events.out.tfevents.1784811374.ml-ubuntu22-04-desktop-v3-2-128gb-25m.154202.0,single,probe_formal,7745
probes/synbios_moe/single/formal/validation/operation_logs/synbios_p_probe_validation_p_company_whole/20260723-205630/events.out.tfevents.1784811390.ml-ubuntu22-04-desktop-v3-2-128gb-25m.154571.0,single,probe_formal,8705
probes/synbios_moe/single/formal/validation/operation_logs/synbios_p_probe_validation_p_major_first/20260723-205539/events.out.tfevents.1784811339.ml-ubuntu22-04-desktop-v3-2-128gb-25m.153412.0,single,probe_formal,7761
probes/synbios_moe/single/formal/validation/operation_logs/synbios_p_probe_validation_p_major_whole/20260723-205555/events.out.tfevents.1784811355.ml-ubuntu22-04-desktop-v3-2-128gb-25m.153741.0,single,probe_formal,8305
probes/synbios_moe/single/formal/validation/operation_logs/synbios_p_probe_validation_p_university_first/20260723-205505/events.out.tfevents.1784811305.ml-ubuntu22-04-desktop-v3-2-128gb-25m.152844.0,single,probe_formal,7745
probes/synbios_moe/single/formal/validation/operation_logs/synbios_p_probe_validation_p_university_whole/20260723-205523/events.out.tfevents.1784811323.ml-ubuntu22-04-desktop-v3-2-128gb-25m.153109.0,single,probe_formal,8609
probes/synbios_moe/single/formal/validation/operation_logs/synbios_q_probe_validation_q_birth_city_first/20260723-205430/events.out.tfevents.1784811270.ml-ubuntu22-04-desktop-v3-2-128gb-25m.151941.0,single,probe_formal,5927
probes/synbios_moe/single/formal/validation/operation_logs/synbios_q_probe_validation_q_birth_city_whole/20260723-205448/events.out.tfevents.1784811288.ml-ubuntu22-04-desktop-v3-2-128gb-25m.152478.0,single,probe_formal,5927
probes/synbios_moe/single/formal/validation/operation_logs/synbios_q_probe_validation_q_birth_date_first/20260723-205430/events.out.tfevents.1784811270.ml-ubuntu22-04-desktop-v3-2-128gb-25m.151939.0,single,probe_formal,5927
probes/synbios_moe/single/formal/validation/operation_logs/synbios_q_probe_validation_q_company_city_first/20260723-205702/events.out.tfevents.1784811422.ml-ubuntu22-04-desktop-v3-2-128gb-25m.155318.0,single,probe_formal,5927
probes/synbios_moe/single/formal/validation/operation_logs/synbios_q_probe_validation_q_company_city_whole/20260723-205718/events.out.tfevents.1784811439.ml-ubuntu22-04-desktop-v3-2-128gb-25m.155722.0,single,probe_formal,5927
probes/synbios_moe/single/formal/validation/operation_logs/synbios_q_probe_validation_q_company_first/20260723-205629/events.out.tfevents.1784811389.ml-ubuntu22-04-desktop-v3-2-128gb-25m.154527.0,single,probe_formal,5927
probes/synbios_moe/single/formal/validation/operation_logs/synbios_q_probe_validation_q_company_whole/20260723-205645/events.out.tfevents.1784811406.ml-ubuntu22-04-desktop-v3-2-128gb-25m.154982.0,single,probe_formal,5927
probes/synbios_moe/single/formal/validation/operation_logs/synbios_q_probe_validation_q_major_first/20260723-205555/events.out.tfevents.1784811355.ml-ubuntu22-04-desktop-v3-2-128gb-25m.153740.0,single,probe_formal,5927
probes/synbios_moe/single/formal/validation/operation_logs/synbios_q_probe_validation_q_major_whole/20260723-205613/events.out.tfevents.1784811373.ml-ubuntu22-04-desktop-v3-2-128gb-25m.154152.0,single,probe_formal,5927
probes/synbios_moe/single/formal/validation/operation_logs/synbios_q_probe_validation_q_university_first/20260723-205522/events.out.tfevents.1784811322.ml-ubuntu22-04-desktop-v3-2-128gb-25m.153108.0,single,probe_formal,5927
probes/synbios_moe/single/formal/validation/operation_logs/synbios_q_probe_validation_q_university_whole/20260723-205539/events.out.tfevents.1784811339.ml-ubuntu22-04-desktop-v3-2-128gb-25m.153409.0,single,probe_formal,5927
