bwd_correct,bwd_max_abs,bwd_max_rel,bwd_p50_ms,bwd_p95_ms,bwd_peak_mem_mb,bwd_speedup,dtype,error,full_p50_ms,full_p95_ms,full_peak_mem_mb,full_speedup,fwd_correct,fwd_max_abs,fwd_max_rel,fwd_p50_ms,fwd_p95_ms,fwd_peak_mem_mb,fwd_speedup,kernel,profile,provider,shape_batch,shape_head_dim,shape_heads,shape_hidden,shape_intermediate,shape_sequence_length,shape_tokens,shape_vocab,size,size_label,status,timer,triton_best_configs
True,0.0,0.0,0.7971679866313934,0.9394287765026093,4.50341796875,1.0,torch.bfloat16,,1.1212799549102783,1.2014079093933105,9.7587890625,1.0,True,0.0,0.0,0.03174399957060814,0.03276799991726875,3.751953125,1.0,rmsnorm,project_formal,torch,,64,12,768,1024,,512,50257,512,"tokens; H=768, I=1024, heads=12, D=64, vocab=50257",ok,cuda_events_backward_only,
True,0.03125,51116.9453125,0.6584640145301819,0.8223152071237564,1.8798828125,1.2106477636445747,torch.bfloat16,,0.7475200295448303,0.9060863256454468,2.63232421875,1.499999880395222,True,0.015625,0.004651162773370743,0.007104000076651573,0.0071680000983178616,0.751953125,4.46846835981039,rmsnorm,project_formal,triton,,64,12,768,1024,,512,50257,512,"tokens; H=768, I=1024, heads=12, D=64, vocab=50257",ok,cuda_events_backward_only,
True,0.0,0.0,0.8413120210170746,0.9780319958925248,30.00390625,1.0,torch.bfloat16,,1.0844160318374634,1.1376639604568481,51.01513671875,1.0,True,0.0,0.0,0.05427199974656105,0.055296000093221664,15.0078125,1.0,rmsnorm,project_formal,torch,,64,12,768,1024,,2048,50257,2048,"tokens; H=768, I=1024, heads=12, D=64, vocab=50257",ok,cuda_events_backward_only,
True,0.03125,56076.05078125,0.5964800119400024,0.726835185289383,6.3798828125,1.4104613803919028,torch.bfloat16,,0.7039999961853027,0.92877596616745,9.38818359375,1.5403636899339268,True,0.0078125,0.004566209856420755,0.011264000087976456,0.012128000147640705,3.0078125,4.8181817580499375,rmsnorm,project_formal,triton,,64,12,768,1024,,2048,50257,2048,"tokens; H=768, I=1024, heads=12, D=64, vocab=50257",ok,cuda_events_backward_only,
True,0.0,0.0,0.7455840110778809,0.8715775966644288,120.00390625,1.0,torch.bfloat16,,1.0620160102844238,1.15981125831604,204.03857421875,1.0,True,0.0,0.0,0.14847999811172485,0.15052799880504608,60.03125,1.0,rmsnorm,project_formal,torch,,64,12,768,1024,,8192,50257,8192,"tokens; H=768, I=1024, heads=12, D=64, vocab=50257",ok,cuda_events_backward_only,
True,0.03125,72860.71875,0.6748160123825073,0.8368527919054032,24.3798828125,1.104870064427665,torch.bfloat16,,1.005568027496338,1.1664897203445435,36.41162109375,1.0561354192302932,True,0.0078125,0.004807692486792803,0.03174399957060814,0.03379200026392937,12.03125,4.677419358624328,rmsnorm,project_formal,triton,,64,12,768,1024,,8192,50257,8192,"tokens; H=768, I=1024, heads=12, D=64, vocab=50257",ok,cuda_events_backward_only,
True,0.0,0.0,3.0868159532546997,3.146803307533264,384.00390625,1.0,torch.bfloat16,,4.414463996887207,4.420608043670654,720.13232421875,1.0,True,0.0,0.0,1.2636159658432007,1.2666879892349243,240.125,1.0,rmsnorm,project_formal,torch,,64,12,768,1024,,32768,50257,32768,"tokens; H=768, I=1024, heads=12, D=64, vocab=50257",ok,cuda_events_backward_only,
True,0.03125,119018.5546875,0.6661119759082794,0.8082864135503769,96.3798828125,4.634079651616623,torch.bfloat16,,0.796671986579895,1.0542080402374268,144.50537109375,5.541131194832716,True,0.015625,0.00671140942722559,0.1157120019197464,0.11776000261306763,48.125,10.920353505936216,rmsnorm,project_formal,triton,,64,12,768,1024,,32768,50257,32768,"tokens; H=768, I=1024, heads=12, D=64, vocab=50257",ok,cuda_events_backward_only,
True,0.0,0.0,5.285888195037842,5.293107199668884,600.00390625,1.0,torch.bfloat16,,7.790592193603516,7.793193340301514,1188.22607421875,1.0,True,0.0,0.0,2.2353920936584473,2.2374401092529297,420.21875,1.0,rmsnorm,project_formal,torch,,64,12,768,1024,,57344,50257,57344,"tokens; H=768, I=1024, heads=12, D=64, vocab=50257",ok,cuda_events_backward_only,
True,0.03125,148010.25,0.8903680145740509,0.9781247973442078,168.3798828125,5.936745377771228,torch.bfloat16,,1.1960320472717285,1.1980799436569214,252.59912109375,6.513698534562392,True,0.015625,0.0078125,0.19763199985027313,0.19865599274635315,84.21875,11.310881311487968,rmsnorm,project_formal,triton,,64,12,768,1024,,57344,50257,57344,"tokens; H=768, I=1024, heads=12, D=64, vocab=50257",ok,cuda_events_backward_only,
True,0.0,0.0,0.9360160231590271,1.020651149749756,3.75048828125,1.0,torch.bfloat16,,1.455712080001831,1.564313530921936,5.2509765625,1.0,True,0.0,0.0,0.038975998759269714,0.03993599861860275,3.0,1.0,rope,project_formal,torch,1,64,12,768,1024,512,512,50257,512,"tokens; H=768, I=1024, heads=12, D=64, vocab=50257",ok,cuda_events_backward_only,
True,0.0,0.0,0.6932480037212372,0.8634752213954926,3.00048828125,1.350189280221007,torch.bfloat16,,0.9037439823150635,0.9946113228797913,4.5009765625,1.610757148581865,True,0.0,0.0,0.008191999979317188,0.008191999979317188,1.5,4.757812360555988,rope,project_formal,triton,1,64,12,768,1024,512,512,50257,512,"tokens; H=768, I=1024, heads=12, D=64, vocab=50257",ok,cuda_events_backward_only,
True,0.0,0.0,0.8591359853744507,0.9783695906400681,15.00048828125,1.0,torch.bfloat16,,1.157167911529541,1.4963200092315674,21.0009765625,1.0,True,0.0,0.0,0.06348799914121628,0.06451199948787689,12.5,1.0,rope,project_formal,torch,4,64,12,768,1024,512,2048,50257,2048,"tokens; H=768, I=1024, heads=12, D=64, vocab=50257",ok,cuda_events_backward_only,
True,0.0,0.0,0.6953440010547638,0.8176640212535858,12.00048828125,1.2355553281127494,torch.bfloat16,,0.9256960153579712,0.9871103763580322,18.0009765625,1.2500517365650088,True,0.0,0.0,0.021503999829292297,0.02252800017595291,6.0,2.952380935882182,rope,project_formal,triton,4,64,12,768,1024,512,2048,50257,2048,"tokens; H=768, I=1024, heads=12, D=64, vocab=50257",ok,cuda_events_backward_only,
True,0.0,0.0,0.8473600149154663,0.9983887881040573,60.00048828125,1.0,torch.bfloat16,,1.134592056274414,1.4833663702011108,84.0009765625,1.0,True,0.0,0.0,0.16383999586105347,0.16793599724769592,48.0,1.0,rope,project_formal,torch,16,64,12,768,1024,512,8192,50257,8192,"tokens; H=768, I=1024, heads=12, D=64, vocab=50257",ok,cuda_events_backward_only,
True,0.0,0.0,0.692223995923996,0.7230512201786041,48.00048828125,1.2241124547905788,torch.bfloat16,,0.9164800047874451,1.0168319940567017,72.0009765625,1.2379888817514952,True,0.0,0.0,0.06451199948787689,0.0655359998345375,24.0,2.539682495685819,rope,project_formal,triton,16,64,12,768,1024,512,8192,50257,8192,"tokens; H=768, I=1024, heads=12, D=64, vocab=50257",ok,cuda_events_backward_only,
True,0.0,0.0,1.801200032234192,1.848779207468033,240.00048828125,1.0,torch.bfloat16,,3.289088010787964,3.293440103530884,336.0009765625,1.0,True,0.0,0.0,1.1627840995788574,1.1653120517730713,192.0,1.0,rope,project_formal,torch,64,64,12,768,1024,512,32768,50257,32768,"tokens; H=768, I=1024, heads=12, D=64, vocab=50257",ok,cuda_events_backward_only,
True,0.0,0.0,1.001935988664627,1.054003232717514,192.00048828125,1.797719667336052,torch.bfloat16,,1.3107199668884277,1.3158400058746338,288.0009765625,2.5093750716227095,True,0.0,0.0,0.23347200453281403,0.23449599742889404,96.0,4.980400549117787,rope,project_formal,triton,64,64,12,768,1024,512,32768,50257,32768,"tokens; H=768, I=1024, heads=12, D=64, vocab=50257",ok,cuda_events_backward_only,
True,0.0,0.0,3.2958080768585205,3.3167359709739683,420.00048828125,1.0,torch.bfloat16,,6.08460807800293,6.128080368041992,588.0009765625,1.0,True,0.0,0.0,2.0449280738830566,2.0480000972747803,336.0,1.0,rope,project_formal,torch,112,64,12,768,1024,512,57344,50257,57344,"tokens; H=768, I=1024, heads=12, D=64, vocab=50257",ok,cuda_events_backward_only,
True,0.0,0.0,1.3246240019798279,1.4397839903831482,336.00048828125,2.4881083778736413,torch.bfloat16,,2.3644158840179443,2.3655600547790527,504.0009765625,2.573408561129744,True,0.0,0.0,0.3962880074977875,0.3973119854927063,168.0,5.160206807152684,rope,project_formal,triton,112,64,12,768,1024,512,57344,50257,57344,"tokens; H=768, I=1024, heads=12, D=64, vocab=50257",ok,cuda_events_backward_only,
True,0.0,0.0,0.44964800775051117,0.47548641115427015,3.00048828125,1.0,torch.bfloat16,,0.2780640125274658,0.462336003780365,5.0009765625,1.0,True,0.0,0.0,0.011264000087976456,0.01228800043463707,2.0,1.0,swiglu,project_formal,torch,,64,12,768,1024,,512,50257,512,"tokens; H=768, I=1024, heads=12, D=64, vocab=50257",ok,cuda_events_backward_only,
True,0.0625,0.0078125,0.5570560097694397,0.6866736233234405,3.00048828125,0.8071863508601519,torch.bfloat16,,0.6093760132789612,0.651468813419342,4.0009765625,0.45630941564510386,True,0.0,0.0,0.008191999979317188,0.009216000325977802,1.0,1.3750000142108547,swiglu,project_formal,triton,,64,12,768,1024,,512,50257,512,"tokens; H=768, I=1024, heads=12, D=64, vocab=50257",ok,cuda_events_backward_only,
True,0.0,0.0,0.4086880087852478,0.4420160070061684,12.00048828125,1.0,torch.bfloat16,,0.2723039984703064,0.3328000009059906,20.0009765625,1.0,True,0.0,0.0,0.02457600086927414,0.025599999353289604,8.0,1.0,swiglu,project_formal,torch,,64,12,768,1024,,2048,50257,2048,"tokens; H=768, I=1024, heads=12, D=64, vocab=50257",ok,cuda_events_backward_only,
True,0.0625,0.0078125,0.40452800691127777,0.4755456045269966,12.00048828125,1.0102835942206652,torch.bfloat16,,0.6234239935874939,0.6690943837165833,16.0009765625,0.43678780616596546,True,0.0,0.0,0.018432000651955605,0.01945599913597107,4.0,1.3333333333333333,swiglu,project_formal,triton,,64,12,768,1024,,2048,50257,2048,"tokens; H=768, I=1024, heads=12, D=64, vocab=50257",ok,cuda_events_backward_only,
True,0.0,0.0,0.32574400305747986,0.3309567853808403,48.00048828125,1.0,torch.bfloat16,,0.2832320034503937,0.31892478466033936,80.0009765625,1.0,True,0.0,0.0,0.07884799689054489,0.0798719972372055,32.0,1.0,swiglu,project_formal,torch,,64,12,768,1024,,8192,50257,8192,"tokens; H=768, I=1024, heads=12, D=64, vocab=50257",ok,cuda_events_backward_only,
True,0.0625,0.0078125,0.5749599933624268,0.6877695888280868,48.00048828125,0.5665507284298069,torch.bfloat16,,0.6328319907188416,0.6835968494415283,64.0009765625,0.4475627142816642,True,0.0,0.0,0.062463998794555664,0.06348799914121628,16.0,1.2622950565473123,swiglu,project_formal,triton,,64,12,768,1024,,8192,50257,8192,"tokens; H=768, I=1024, heads=12, D=64, vocab=50257",ok,cuda_events_backward_only,
True,0.0,0.0,0.9425279796123505,0.9559552043676376,192.00048828125,1.0,torch.bfloat16,,1.4909440279006958,1.4930591583251953,320.0009765625,1.0,True,0.0,0.0,0.37376001477241516,0.374783992767334,128.0,1.0,swiglu,project_formal,torch,,64,12,768,1024,,32768,50257,32768,"tokens; H=768, I=1024, heads=12, D=64, vocab=50257",ok,cuda_events_backward_only,
True,0.0625,0.0078125,0.8406560122966766,0.8793920248746873,192.00048828125,1.1211815128013647,torch.bfloat16,,1.0557440519332886,1.0588159561157227,256.0009765625,1.4122211014785875,True,0.0,0.0,0.2252800017595291,0.2261568009853363,64.0,1.6590909617063045,swiglu,project_formal,triton,,64,12,768,1024,,32768,50257,32768,"tokens; H=768, I=1024, heads=12, D=64, vocab=50257",ok,cuda_events_backward_only,
True,0.0,0.0,1.4837759733200073,1.4985936164855957,336.00048828125,1.0,torch.bfloat16,,2.5815041065216064,2.5835518836975098,560.0009765625,1.0,True,0.0,0.0,0.647104024887085,0.6481919884681702,224.0,1.0,swiglu,project_formal,torch,,64,12,768,1024,,57344,50257,57344,"tokens; H=768, I=1024, heads=12, D=64, vocab=50257",ok,cuda_events_backward_only,
True,0.0625,0.0078125,1.122335970401764,1.1777552247047425,336.00048828125,1.3220426079624432,torch.bfloat16,,1.8216960430145264,1.8237440586090088,448.0009765625,1.4170882768399478,True,0.0,0.0,0.3901439905166626,0.3911679983139038,112.0,1.6586287130301136,swiglu,project_formal,triton,,64,12,768,1024,,57344,50257,57344,"tokens; H=768, I=1024, heads=12, D=64, vocab=50257",ok,cuda_events_backward_only,
True,0.0,0.0,0.8524320125579834,0.860211193561554,196.31640625,1.0,torch.bfloat16,,1.1489280462265015,1.1519839763641357,294.47607421875,1.0,True,0.0,0.0,0.4270080029964447,0.42980480194091797,196.3173828125,1.0,cross_entropy,project_formal,torch,,64,12,768,1024,,512,50257,512,"tokens; H=768, I=1024, heads=12, D=64, vocab=50257",ok,cuda_events_backward_only,
True,0.004364013671875,1.815950870513916,0.5614240169525146,0.6307119935750961,0.001953125,1.5183390571445436,torch.bfloat16,,0.5425599813461304,0.6953088045120239,50.0029296875,2.117605584134547,True,0.0,0.0,0.10121600329875946,0.10241919755935669,0.0029296875,4.218779531691688,cross_entropy,project_formal,triton,,64,12,768,1024,,512,50257,512,"tokens; H=768, I=1024, heads=12, D=64, vocab=50257",ok,cuda_events_backward_only,
True,0.0,0.0,3.070912003517151,3.105177628993988,785.265625,1.0,torch.bfloat16,,4.509664058685303,4.516721725463867,1177.89990234375,1.0,True,0.0,0.0,1.6814080476760864,1.686527967453003,785.2666015625,1.0,cross_entropy,project_formal,torch,,64,12,768,1024,,2048,50257,2048,"tokens; H=768, I=1024, heads=12, D=64, vocab=50257",ok,cuda_events_backward_only,
True,0.00109100341796875,1.815950870513916,0.6010079979896545,0.6250239729881286,0.001953125,5.109602557352344,torch.bfloat16,,1.2449920177459717,1.2839360237121582,196.3251953125,3.6222433512866545,True,0.0,0.0,0.2949120104312897,0.2959359884262085,0.01025390625,5.701388848887966,cross_entropy,project_formal,triton,,64,12,768,1024,,2048,50257,2048,"tokens; H=768, I=1024, heads=12, D=64, vocab=50257",ok,cuda_events_backward_only,
True,0.0,0.0,11.553791999816895,11.593369817733764,3141.0625,1.0,torch.bfloat16,,18.019840240478516,18.02920913696289,4711.59521484375,1.0,True,0.0,0.0,6.689248085021973,6.697984218597412,3141.0634765625,1.0,cross_entropy,project_formal,torch,,64,12,768,1024,,8192,50257,8192,"tokens; H=768, I=1024, heads=12, D=64, vocab=50257",ok,cuda_events_backward_only,
True,0.0002727508544921875,1.815950870513916,0.6024959981441498,0.6322880208492279,0.001953125,19.176545629192045,torch.bfloat16,,3.971712112426758,4.04599666595459,786.0322265625,4.537045921354104,True,0.0,0.0,0.9482240080833435,0.9502720236778259,0.03955078125,7.054501919375602,cross_entropy,project_formal,triton,,64,12,768,1024,,8192,50257,8192,"tokens; H=768, I=1024, heads=12, D=64, vocab=50257",ok,cuda_events_backward_only,
False,,,,,,,torch.bfloat16,"OutOfMemoryError: CUDA out of memory. Tried to allocate 6.14 GiB. GPU 0 has a total capacity of 23.65 GiB of which 4.80 GiB is free. Including non-PyTorch memory, this process has 18.85 GiB memory in use. Of the allocated memory 18.41 GiB is allocated by PyTorch, and 5.25 MiB is reserved by PyTorch but unallocated. If reserved but unallocated memory is large try setting PYTORCH_CUDA_ALLOC_CONF=expandable_segments:True to avoid fragmentation.  See documentation for Memory Management  (https://pytorch.org/docs/stable/notes/cuda.html#environment-variables)",,,,,False,,,,,,,cross_entropy,project_formal,torch,,64,12,768,1024,,32768,50257,32768,"tokens; H=768, I=1024, heads=12, D=64, vocab=50257",unavailable,,
False,,,,,,,torch.bfloat16,"OutOfMemoryError: CUDA out of memory. Tried to allocate 6.14 GiB. GPU 0 has a total capacity of 23.65 GiB of which 1.73 GiB is free. Including non-PyTorch memory, this process has 21.92 GiB memory in use. Of the allocated memory 21.48 GiB is allocated by PyTorch, and 5.25 MiB is reserved by PyTorch but unallocated. If reserved but unallocated memory is large try setting PYTORCH_CUDA_ALLOC_CONF=expandable_segments:True to avoid fragmentation.  See documentation for Memory Management  (https://pytorch.org/docs/stable/notes/cuda.html#environment-variables)",,,,,False,,,,,,,cross_entropy,project_formal,triton,,64,12,768,1024,,32768,50257,32768,"tokens; H=768, I=1024, heads=12, D=64, vocab=50257",unavailable,,
False,,,,,,,torch.bfloat16,"OutOfMemoryError: CUDA out of memory. Tried to allocate 10.74 GiB. GPU 0 has a total capacity of 23.65 GiB of which 1.73 GiB is free. Including non-PyTorch memory, this process has 21.92 GiB memory in use. Of the allocated memory 21.47 GiB is allocated by PyTorch, and 3.41 MiB is reserved by PyTorch but unallocated. If reserved but unallocated memory is large try setting PYTORCH_CUDA_ALLOC_CONF=expandable_segments:True to avoid fragmentation.  See documentation for Memory Management  (https://pytorch.org/docs/stable/notes/cuda.html#environment-variables)",,,,,False,,,,,,,cross_entropy,project_formal,torch,,64,12,768,1024,,57344,50257,57344,"tokens; H=768, I=1024, heads=12, D=64, vocab=50257",unavailable,,
False,,,,,,,torch.bfloat16,"OutOfMemoryError: CUDA out of memory. Tried to allocate 10.74 GiB. GPU 0 has a total capacity of 23.65 GiB of which 7.10 GiB is free. Including non-PyTorch memory, this process has 16.55 GiB memory in use. Of the allocated memory 16.10 GiB is allocated by PyTorch, and 4.55 MiB is reserved by PyTorch but unallocated. If reserved but unallocated memory is large try setting PYTORCH_CUDA_ALLOC_CONF=expandable_segments:True to avoid fragmentation.  See documentation for Memory Management  (https://pytorch.org/docs/stable/notes/cuda.html#environment-variables)",,,,,False,,,,,,,cross_entropy,project_formal,triton,,64,12,768,1024,,57344,50257,57344,"tokens; H=768, I=1024, heads=12, D=64, vocab=50257",unavailable,,
True,0.0,0.0,1.600000023841858,1.6161168217658997,196.31640625,1.0,torch.bfloat16,,2.239487886428833,2.2436351776123047,294.47607421875,1.0,True,0.0,0.0,0.814079999923706,0.8171520233154297,246.3173828125,1.0,fused_linear_cross_entropy,project_formal,torch,,64,12,768,1024,,512,50257,512,"tokens; H=768, I=1024, heads=12, D=64, vocab=50257",ok,cuda_events_backward_only,
True,0.0001220703125,1883.5814208984375,0.5067519843578339,0.5766975909471512,0.001953125,3.1573631149553556,torch.bfloat16,,1.5537760257720947,1.728979229927063,124.75146484375,1.4413196299099786,True,0.0,0.0,0.4853760004043579,0.4865535795688629,50.00341796875,1.677215188318975,fused_linear_cross_entropy,project_formal,triton,,64,12,768,1024,,512,50257,512,"tokens; H=768, I=1024, heads=12, D=64, vocab=50257",ok,cuda_events_backward_only,
True,0.0,0.0,5.423664093017578,5.446041584014893,785.265625,1.0,torch.bfloat16,,8.236031532287598,8.247293472290039,1177.89990234375,1.0,True,0.0,0.0,3.047424077987671,3.123199939727783,981.5830078125,1.0,fused_linear_cross_entropy,project_formal,torch,,64,12,768,1024,,2048,50257,2048,"tokens; H=768, I=1024, heads=12, D=64, vocab=50257",ok,cuda_events_backward_only,
True,3.0517578125e-05,192.48837280273438,0.6293759942054749,0.8803823828697231,0.001953125,8.617526157578379,torch.bfloat16,,6.021696090698242,6.0585856437683105,273.31982421875,1.3677262034213011,True,7.62939453125e-06,6.454372680764209e-08,1.7940479516983032,1.8003456592559814,98.1640625,1.6986302261892618,fused_linear_cross_entropy,project_formal,triton,,64,12,768,1024,,2048,50257,2048,"tokens; H=768, I=1024, heads=12, D=64, vocab=50257",ok,cuda_events_backward_only,
True,0.0,0.0,20.5894718170166,20.637586879730225,3141.0625,1.0,torch.bfloat16,,32.451026916503906,32.46508026123047,4711.59521484375,1.0,True,0.0,0.0,12.097023963928223,12.112895965576172,3927.0634765625,1.0,fused_linear_cross_entropy,project_formal,torch,,64,12,768,1024,,8192,50257,8192,"tokens; H=768, I=1024, heads=12, D=64, vocab=50257",ok,cuda_events_backward_only,
True,7.62939453125e-06,157.0,0.6527040004730225,0.6742143869400025,0.001953125,31.544883748368576,torch.bfloat16,,23.324399948120117,23.467811584472656,284.00927734375,1.391290965198844,True,2.288818359375e-05,1.9509460003064305e-07,7.123839855194092,7.165289402008057,100.01171875,1.6981044225900324,fused_linear_cross_entropy,project_formal,triton,,64,12,768,1024,,8192,50257,8192,"tokens; H=768, I=1024, heads=12, D=64, vocab=50257",ok,cuda_events_backward_only,
False,,,,,,,torch.bfloat16,"OutOfMemoryError: CUDA out of memory. Tried to allocate 6.14 GiB. GPU 0 has a total capacity of 23.65 GiB of which 4.51 GiB is free. Including non-PyTorch memory, this process has 19.13 GiB memory in use. Of the allocated memory 12.64 GiB is allocated by PyTorch, and 6.03 GiB is reserved by PyTorch but unallocated. If reserved but unallocated memory is large try setting PYTORCH_CUDA_ALLOC_CONF=expandable_segments:True to avoid fragmentation.  See documentation for Memory Management  (https://pytorch.org/docs/stable/notes/cuda.html#environment-variables)",,,,,False,,,,,,,fused_linear_cross_entropy,project_formal,torch,,64,12,768,1024,,32768,50257,32768,"tokens; H=768, I=1024, heads=12, D=64, vocab=50257",unavailable,,
True,3.814697265625e-06,79.02246856689453,0.6579679846763611,1.2079904139041902,0.001953125,1.0,torch.bfloat16,,93.35147094726562,93.3718490600586,320.03271484375,1.0,True,0.0001068115234375,9.107793061957636e-07,28.459423065185547,28.467151641845703,100.03515625,1.0,fused_linear_cross_entropy,project_formal,triton,,64,12,768,1024,,32768,50257,32768,"tokens; H=768, I=1024, heads=12, D=64, vocab=50257",ok,cuda_events_backward_only,
False,,,,,,,torch.bfloat16,"OutOfMemoryError: CUDA out of memory. Tried to allocate 10.74 GiB. GPU 0 has a total capacity of 23.65 GiB of which 6.76 GiB is free. Including non-PyTorch memory, this process has 16.89 GiB memory in use. Of the allocated memory 16.42 GiB is allocated by PyTorch, and 14.14 MiB is reserved by PyTorch but unallocated. If reserved but unallocated memory is large try setting PYTORCH_CUDA_ALLOC_CONF=expandable_segments:True to avoid fragmentation.  See documentation for Memory Management  (https://pytorch.org/docs/stable/notes/cuda.html#environment-variables)",,,,,False,,,,,,,fused_linear_cross_entropy,project_formal,torch,,64,12,768,1024,,57344,50257,57344,"tokens; H=768, I=1024, heads=12, D=64, vocab=50257",unavailable,,
False,,,,,,,torch.bfloat16,"OutOfMemoryError: CUDA out of memory. Tried to allocate 10.74 GiB. GPU 0 has a total capacity of 23.65 GiB of which 6.60 GiB is free. Including non-PyTorch memory, this process has 17.04 GiB memory in use. Of the allocated memory 16.58 GiB is allocated by PyTorch, and 14.14 MiB is reserved by PyTorch but unallocated. If reserved but unallocated memory is large try setting PYTORCH_CUDA_ALLOC_CONF=expandable_segments:True to avoid fragmentation.  See documentation for Memory Management  (https://pytorch.org/docs/stable/notes/cuda.html#environment-variables)",,,,,False,,,,,,,fused_linear_cross_entropy,project_formal,triton,,64,12,768,1024,,57344,50257,57344,"tokens; H=768, I=1024, heads=12, D=64, vocab=50257",unavailable,,
True,0.0001220703125,0.015384615398943424,0.4164160043001175,0.5025791972875595,6.02392578125,1.0,torch.bfloat16,,0.39423999190330505,0.4990975856781006,6.7978515625,1.0,True,0.0,0.0,0.020479999482631683,0.02252800017595291,3.8203125,1.0,attention,project_formal,torch,1,64,12,768,1024,512,512,50257,512,"tokens; H=768, I=1024, heads=12, D=64, vocab=50257",ok,cuda_events_backward_only,
True,0.0078125,347.9952697753906,0.9420959949493408,1.1050111532211304,3.02392578125,0.44201016301158286,torch.bfloat16,,1.4018559455871582,1.5605759620666504,3.7978515625,0.28122717825916144,True,0.00390625,720.0755615234375,0.015359999611973763,0.016383999958634377,0.7734375,1.3333333333333333,attention,project_formal,triton,1,64,12,768,1024,512,512,50257,512,"tokens; H=768, I=1024, heads=12, D=64, vocab=50257",ok,cuda_events_backward_only,"{'flash_attention_forward': {'BLOCK_M': 64, 'BLOCK_N': 64, 'num_warps': 4, 'num_stages': 4, 'num_ctas': 1}, 'flash_attention_backward': {'BLOCK_M': 128, 'BLOCK_N': 128, 'num_warps': 8, 'num_stages': 3, 'num_ctas': 1}}"
True,0.0078125,315.0,0.5677119791507721,0.5761535733938217,4.52392578125,0.7334987098969182,torch.bfloat16,,0.5109760165214539,0.5990399718284607,5.2978515625,0.7715430453803941,True,0.00390625,477.4444580078125,0.023552000522613525,0.02457600086927414,0.7734375,0.8695651761287857,attention,project_formal,cuda,1,64,12,768,1024,512,512,50257,512,"tokens; H=768, I=1024, heads=12, D=64, vocab=50257",ok,cuda_events_backward_only,
True,0.00048828125,0.007518797181546688,0.4331520050764084,0.5727744072675705,24.09423828125,1.0,torch.bfloat16,,0.37910398840904236,0.4231167733669281,27.1884765625,1.0,True,0.0,0.0,0.04915200173854828,0.05119999870657921,3.09375,1.0,attention,project_formal,torch,4,64,12,768,1024,512,2048,50257,2048,"tokens; H=768, I=1024, heads=12, D=64, vocab=50257",ok,cuda_events_backward_only,
True,0.015625,2795.731201171875,0.900624006986618,1.0454527676105498,12.09423828125,0.48094654563526906,torch.bfloat16,,1.4008320569992065,1.6118783950805664,15.1884765625,0.2706277219420151,True,0.00390625,1893.3040771484375,0.030719999223947525,0.03194880113005638,3.09375,1.6000000970127706,attention,project_formal,triton,4,64,12,768,1024,512,2048,50257,2048,"tokens; H=768, I=1024, heads=12, D=64, vocab=50257",ok,cuda_events_backward_only,"{'flash_attention_forward': {'BLOCK_M': 64, 'BLOCK_N': 64, 'num_warps': 4, 'num_stages': 3, 'num_ctas': 1}, 'flash_attention_backward': {'BLOCK_M': 128, 'BLOCK_N': 128, 'num_warps': 8, 'num_stages': 3, 'num_ctas': 1}}"
True,0.00390625,2.3918919563293457,0.5580800175666809,0.5981696218252182,18.09423828125,0.7761467736562602,torch.bfloat16,,0.5212159752845764,0.5807599425315857,21.1884765625,0.727345297123821,True,0.001953125,0.130952388048172,0.05119999870657921,0.053247999399900436,3.09375,0.9600000582076624,attention,project_formal,cuda,4,64,12,768,1024,512,2048,50257,2048,"tokens; H=768, I=1024, heads=12, D=64, vocab=50257",ok,cuda_events_backward_only,
True,0.0009765625,0.012096773833036423,0.4853760004043579,0.5934527844190598,96.37548828125,1.0,torch.bfloat16,,0.3829759955406189,0.495206356048584,108.7509765625,1.0,True,0.0,0.0,0.10239999741315842,0.10444799810647964,12.375,1.0,attention,project_formal,torch,16,64,12,768,1024,512,8192,50257,8192,"tokens; H=768, I=1024, heads=12, D=64, vocab=50257",ok,cuda_events_backward_only,
True,0.015625,23078.826171875,0.9277120232582092,1.0816096067428589,48.37548828125,0.5231968415151861,torch.bfloat16,,1.4202879667282104,1.4812288284301758,60.7509765625,0.2696467227155675,True,0.00390625,6526.2294921875,0.07884799689054489,0.08089599758386612,12.375,1.298701317109018,attention,project_formal,triton,16,64,12,768,1024,512,8192,50257,8192,"tokens; H=768, I=1024, heads=12, D=64, vocab=50257",ok,cuda_events_backward_only,"{'flash_attention_forward': {'BLOCK_M': 64, 'BLOCK_N': 64, 'num_warps': 4, 'num_stages': 3, 'num_ctas': 1}, 'flash_attention_backward': {'BLOCK_M': 128, 'BLOCK_N': 128, 'num_warps': 4, 'num_stages': 1, 'num_ctas': 1}}"
True,0.00390625,7.263157844543457,0.39816001057624817,0.4204527869820595,72.37548828125,1.2190475876818567,torch.bfloat16,,0.5150719881057739,0.5631999969482422,84.7509765625,0.7435387759079064,True,0.00390625,4.440678119659424,0.10649599879980087,0.1085439994931221,12.375,0.9615384480843977,attention,project_formal,cuda,16,64,12,768,1024,512,8192,50257,8192,"tokens; H=768, I=1024, heads=12, D=64, vocab=50257",ok,cuda_events_backward_only,
True,0.0009765625,0.0555555559694767,1.5051040053367615,1.5233536303043365,385.50048828125,1.0,torch.bfloat16,,1.7909760475158691,1.7964352369308472,435.0009765625,1.0,True,0.0,0.0,0.2836480140686035,0.28758400678634644,49.5,1.0,attention,project_formal,torch,64,64,12,768,1024,512,32768,50257,32768,"tokens; H=768, I=1024, heads=12, D=64, vocab=50257",ok,cuda_events_backward_only,
True,0.015625,12778.6767578125,1.540607988834381,1.6445855915546417,193.50048828125,0.9769545635522234,torch.bfloat16,,1.4592000246047974,1.4646495580673218,243.0009765625,1.2273684329198997,True,0.00390625,14399.609375,0.2590720057487488,0.2622799873352051,49.5,1.0948616900881558,attention,project_formal,triton,64,64,12,768,1024,512,32768,50257,32768,"tokens; H=768, I=1024, heads=12, D=64, vocab=50257",ok,cuda_events_backward_only,"{'flash_attention_forward': {'BLOCK_M': 128, 'BLOCK_N': 64, 'num_warps': 4, 'num_stages': 3, 'num_ctas': 1}, 'flash_attention_backward': {'BLOCK_M': 128, 'BLOCK_N': 128, 'num_warps': 4, 'num_stages': 1, 'num_ctas': 1}}"
True,0.015625,84.47368621826172,1.2614879608154297,1.3496832251548767,289.50048828125,1.193118009912562,torch.bfloat16,,1.5790079832077026,1.5831040143966675,339.0009765625,1.134241287290746,True,0.00390625,5.121951103210449,0.2908160090446472,0.29388800263404846,49.5,0.9753521307180059,attention,project_formal,cuda,64,64,12,768,1024,512,32768,50257,32768,"tokens; H=768, I=1024, heads=12, D=64, vocab=50257",ok,cuda_events_backward_only,
True,0.0009765625,0.0476190485060215,2.481007933616638,2.4970239400863647,674.62548828125,1.0,torch.bfloat16,,3.2029120922088623,3.2071681022644043,761.2509765625,1.0,True,0.0,0.0,0.46592000126838684,0.4700160026550293,86.625,1.0,attention,project_formal,torch,112,64,12,768,1024,512,57344,50257,57344,"tokens; H=768, I=1024, heads=12, D=64, vocab=50257",ok,cuda_events_backward_only,
True,0.015625,6151.3857421875,2.0971519947052,2.240049695968628,338.62548828125,1.183036775532046,torch.bfloat16,,2.623487949371338,2.6275839805603027,425.2509765625,1.2208602265454929,True,0.0078125,20600.064453125,0.43212801218032837,0.4387440085411072,86.625,1.0781990246768751,attention,project_formal,triton,112,64,12,768,1024,512,57344,50257,57344,"tokens; H=768, I=1024, heads=12, D=64, vocab=50257",ok,cuda_events_backward_only,"{'flash_attention_forward': {'BLOCK_M': 64, 'BLOCK_N': 32, 'num_warps': 4, 'num_stages': 4, 'num_ctas': 1}, 'flash_attention_backward': {'BLOCK_M': 128, 'BLOCK_N': 128, 'num_warps': 4, 'num_stages': 1, 'num_ctas': 1}}"
True,0.0078125,797.4444580078125,2.1119199991226196,2.1306368112564087,506.62548828125,1.17476416466881,torch.bfloat16,,2.776063919067383,2.7791359424591064,593.2509765625,1.1537602107104503,True,0.00390625,12.243697166442871,0.47411200404167175,0.4782080054283142,86.625,0.9827213765872823,attention,project_formal,cuda,112,64,12,768,1024,512,57344,50257,57344,"tokens; H=768, I=1024, heads=12, D=64, vocab=50257",ok,cuda_events_backward_only,
True,0.0,0.0,0.7905440032482147,0.9274719804525375,0.76611328125,1.0,torch.bfloat16,,1.1141120195388794,1.2484607696533203,1.65771484375,1.0,True,0.0,0.0,0.02969600073993206,0.030719999223947525,0.62548828125,1.0,rmsnorm,mixtral_dense,torch,,128,32,4096,14336,,16,32000,16,"tokens; H=4096, I=14336, heads=32, D=128, vocab=32000",ok,cuda_events_backward_only,
True,0.03125,4911.4228515625,0.6741920113563538,0.828675189614296,2.27392578125,1.1725799029534354,torch.bfloat16,,0.8391680121421814,1.0537184476852417,2.39990234375,1.3276388082224873,True,0.0,0.0,0.004095999989658594,0.005119999870657921,0.12548828125,7.250000198951967,rmsnorm,mixtral_dense,triton,,128,32,4096,14336,,16,32000,16,"tokens; H=4096, I=14336, heads=32, D=128, vocab=32000",ok,cuda_events_backward_only,
True,0.0,0.0,0.8003679811954498,0.9492480158805847,3.01611328125,1.0,torch.bfloat16,,1.13919997215271,1.1993088722229004,6.53271484375,1.0,True,0.0,0.0,0.03174399957060814,0.03276799991726875,2.50048828125,1.0,rmsnorm,mixtral_dense,torch,,128,32,4096,14336,,64,32000,64,"tokens; H=4096, I=14336, heads=32, D=128, vocab=32000",ok,cuda_events_backward_only,
True,0.03125,9489.0595703125,0.7004159986972809,0.8409200012683868,3.02392578125,1.142703739897535,torch.bfloat16,,0.8191999793052673,1.0960896015167236,3.52490234375,1.3906250011368684,True,0.0,0.0,0.005119999870657921,0.006144000217318535,0.50048828125,6.200000072759578,rmsnorm,mixtral_dense,triton,,128,32,4096,14336,,64,32000,64,"tokens; H=4096, I=14336, heads=32, D=128, vocab=32000",ok,cuda_events_backward_only,
True,0.0,0.0,0.7362880110740662,0.8899584084749222,12.01611328125,1.0,torch.bfloat16,,1.145967960357666,1.214070439338684,26.033203125,1.0,True,0.0,0.0,0.048128001391887665,0.04915200173854828,10.0009765625,1.0,rmsnorm,mixtral_dense,torch,,128,32,4096,14336,,256,32000,256,"tokens; H=4096, I=14336, heads=32, D=128, vocab=32000",ok,cuda_events_backward_only,
True,0.03125,46348.5703125,0.4074559956789017,0.42936318963766096,6.02392578125,1.8070368797672638,torch.bfloat16,,0.37995201349258423,0.41943037509918213,8.025390625,3.016086031032528,True,0.0,0.0,0.009216000325977802,0.010239999741315842,2.0009765625,5.222222188537234,rmsnorm,mixtral_dense,triton,,128,32,4096,14336,,256,32000,256,"tokens; H=4096, I=14336, heads=32, D=128, vocab=32000",ok,cuda_events_backward_only,
True,0.0,0.0,0.8387199938297272,1.0038272142410278,24.01611328125,1.0,torch.bfloat16,,1.0630079507827759,1.173209547996521,52.0341796875,1.0,True,0.0,0.0,0.0655359998345375,0.06758400052785873,20.001953125,1.0,rmsnorm,mixtral_dense,torch,,128,32,4096,14336,,512,32000,512,"tokens; H=4096, I=14336, heads=32, D=128, vocab=32000",ok,cuda_events_backward_only,
True,0.03125,20313.263671875,0.6804960072040558,0.8080272108316422,10.02392578125,1.2325127332866566,torch.bfloat16,,0.8458399772644043,1.0614272356033325,14.0263671875,1.2567482967886328,True,0.0,0.0,0.01228800043463707,0.013311999849975109,4.001953125,5.333333131223407,rmsnorm,mixtral_dense,triton,,128,32,4096,14336,,512,32000,512,"tokens; H=4096, I=14336, heads=32, D=128, vocab=32000",ok,cuda_events_backward_only,
True,0.0,0.0,0.8831200003623962,1.171544009447098,0.62548828125,1.0,torch.bfloat16,,1.3834240436553955,1.4315359592437744,0.8759765625,1.0,True,0.0,0.0,0.028672000393271446,0.02969600073993206,0.5,1.0,rope,mixtral_dense,torch,1,128,32,4096,14336,16,16,32000,16,"tokens; H=4096, I=14336, heads=32, D=128, vocab=32000",ok,cuda_events_backward_only,
True,0.0,0.0,0.7239679992198944,0.8594943851232528,0.50048828125,1.2198329226070692,torch.bfloat16,,0.9062399864196777,0.971776008605957,0.7509765625,1.5265537433643266,True,0.0,0.0,0.005119999870657921,0.005329599604010582,0.25,5.600000218278734,rope,mixtral_dense,triton,1,128,32,4096,14336,16,16,32000,16,"tokens; H=4096, I=14336, heads=32, D=128, vocab=32000",ok,cuda_events_backward_only,
True,0.0,0.0,0.8729600012302399,0.8974272042512894,2.50048828125,1.0,torch.bfloat16,,1.1755199432373047,1.4942206144332886,3.5009765625,1.0,True,0.0,0.0,0.03379200026392937,0.03481600061058998,2.0,1.0,rope,mixtral_dense,torch,1,128,32,4096,14336,64,64,32000,64,"tokens; H=4096, I=14336, heads=32, D=128, vocab=32000",ok,cuda_events_backward_only,
True,0.0,0.0,0.7194240093231201,0.8786432147026062,2.00048828125,1.2134151625709242,torch.bfloat16,,0.9333760142326355,1.3070333003997803,3.0009765625,1.2594280604090144,True,0.0,0.0,0.008191999979317188,0.008191999979317188,1.0,4.125000042632564,rope,mixtral_dense,triton,1,128,32,4096,14336,64,64,32000,64,"tokens; H=4096, I=14336, heads=32, D=128, vocab=32000",ok,cuda_events_backward_only,
True,0.0,0.0,0.8653119802474976,0.9760975748300552,10.00048828125,1.0,torch.bfloat16,,0.8837119936943054,0.9216639995574951,14.0009765625,1.0,True,0.0,0.0,0.05427199974656105,0.055296000093221664,8.0,1.0,rope,mixtral_dense,torch,1,128,32,4096,14336,256,256,32000,256,"tokens; H=4096, I=14336, heads=32, D=128, vocab=32000",ok,cuda_events_backward_only,
True,0.0,0.0,0.7229440212249756,0.8733071923255921,8.00048828125,1.196928053684281,torch.bfloat16,,0.9400320053100586,0.988150417804718,12.0009765625,0.9400871339511715,True,0.0,0.0,0.01228800043463707,0.013311999849975109,4.0,4.416666489820481,rope,mixtral_dense,triton,1,128,32,4096,14336,256,256,32000,256,"tokens; H=4096, I=14336, heads=32, D=128, vocab=32000",ok,cuda_events_backward_only,
True,0.0,0.0,0.868831992149353,1.0092544317245484,20.00048828125,1.0,torch.bfloat16,,1.1397759914398193,1.5527164936065674,28.0009765625,1.0,True,0.0,0.0,0.07475200295448303,0.07577600330114365,16.0,1.0,rope,mixtral_dense,torch,1,128,32,4096,14336,512,512,32000,512,"tokens; H=4096, I=14336, heads=32, D=128, vocab=32000",ok,cuda_events_backward_only,
True,0.0,0.0,0.7331840097904205,0.9629695832729341,16.00048828125,1.1850121941389682,torch.bfloat16,,0.9646080136299133,1.2332959175109863,24.0009765625,1.181594985045513,True,0.0,0.0,0.02252800017595291,0.023552000522613525,8.0,3.318181923412609,rope,mixtral_dense,triton,1,128,32,4096,14336,512,512,32000,512,"tokens; H=4096, I=14336, heads=32, D=128, vocab=32000",ok,cuda_events_backward_only,
True,0.0,0.0,0.31334400177001953,0.3309567853808403,1.31298828125,1.0,torch.bfloat16,,0.2796480059623718,0.4931584298610687,2.1884765625,1.0,True,0.0,0.0,0.010239999741315842,0.010239999741315842,0.875,1.0,swiglu,mixtral_dense,torch,,128,32,4096,14336,,16,32000,16,"tokens; H=4096, I=14336, heads=32, D=128, vocab=32000",ok,cuda_events_backward_only,
True,0.0625,0.0078125,0.5560640096664429,0.6975584208965302,1.31298828125,0.5635034750009807,torch.bfloat16,,0.6174719929695129,0.652288019657135,1.7509765625,0.4528918058574669,True,0.0,0.0,0.0071680000983178616,0.02306549996137619,0.4375,1.4285713728880802,swiglu,mixtral_dense,triton,,128,32,4096,14336,,16,32000,16,"tokens; H=4096, I=14336, heads=32, D=128, vocab=32000",ok,cuda_events_backward_only,
True,0.0,0.0,0.4474720060825348,0.4728319883346558,5.25048828125,1.0,torch.bfloat16,,0.2764799892902374,0.3041599988937378,8.7509765625,1.0,True,0.0,0.0,0.014336000196635723,0.015359999611973763,3.5,1.0,swiglu,mixtral_dense,torch,,128,32,4096,14336,,64,32000,64,"tokens; H=4096, I=14336, heads=32, D=128, vocab=32000",ok,cuda_events_backward_only,
True,0.0625,0.0078125,0.5514239966869354,0.6737919896841049,5.25048828125,0.8114844634456158,torch.bfloat16,,0.6103039979934692,0.6707199811935425,7.0009765625,0.45302011816936516,True,0.0,0.0,0.011264000087976456,0.012191999703645706,1.75,1.2727272802437577,swiglu,mixtral_dense,triton,,128,32,4096,14336,,64,32000,64,"tokens; H=4096, I=14336, heads=32, D=128, vocab=32000",ok,cuda_events_backward_only,
True,0.0,0.0,0.4541120082139969,0.4840432062745095,21.00048828125,1.0,torch.bfloat16,,0.2252800017595291,0.546239972114563,35.0009765625,1.0,True,0.0,0.0,0.03686400130391121,0.03788800165057182,14.0,1.0,swiglu,mixtral_dense,torch,,128,32,4096,14336,,256,32000,256,"tokens; H=4096, I=14336, heads=32, D=128, vocab=32000",ok,cuda_events_backward_only,
True,0.0625,0.0078125,0.5774399936199188,0.6728800117969513,21.00048828125,0.7864228547233281,torch.bfloat16,,0.6303039789199829,0.7149056196212769,28.0009765625,0.3574148494914204,True,0.0,0.0,0.030719999223947525,0.03174399957060814,7.0,1.2000000727595779,swiglu,mixtral_dense,triton,,128,32,4096,14336,,256,32000,256,"tokens; H=4096, I=14336, heads=32, D=128, vocab=32000",ok,cuda_events_backward_only,
True,0.0,0.0,0.45158401131629944,0.474521604180336,42.00048828125,1.0,torch.bfloat16,,0.2672640085220337,0.294950395822525,70.0009765625,1.0,True,0.0,0.0,0.06860800087451935,0.06963200122117996,28.0,1.0,swiglu,mixtral_dense,torch,,128,32,4096,14336,,512,32000,512,"tokens; H=4096, I=14336, heads=32, D=128, vocab=32000",ok,cuda_events_backward_only,
True,0.0625,0.0078125,0.6615040004253387,0.6821375995874405,42.00048828125,0.6826625553676722,torch.bfloat16,,0.6000639796257019,0.6426624059677124,56.0009765625,0.44539252079210495,True,0.0,0.0,0.05684799700975418,0.058368001133203506,14.0,1.2068675148351726,swiglu,mixtral_dense,triton,,128,32,4096,14336,,512,32000,512,"tokens; H=4096, I=14336, heads=32, D=128, vocab=32000",ok,cuda_events_backward_only,
True,0.0,0.0,0.42393600940704346,0.4488704100251198,3.90625,1.0,torch.bfloat16,,0.21094399690628052,0.2395136058330536,5.86083984375,1.0,True,0.0,0.0,0.01945599913597107,0.020479999482631683,3.9072265625,1.0,cross_entropy,mixtral_dense,torch,,128,32,4096,14336,,16,32000,16,"tokens; H=4096, I=14336, heads=32, D=128, vocab=32000",ok,cuda_events_backward_only,
True,9.5367431640625e-07,0.007751937955617905,0.5596159994602203,0.6064111858606339,0.001953125,0.7575480504773854,torch.bfloat16,,0.6442559957504272,0.7778992056846619,0.9794921875,0.3274226368053799,True,0.0,0.0,0.01740800030529499,0.23057915270328522,0.00146484375,1.1176469895886398,cross_entropy,mixtral_dense,triton,,128,32,4096,14336,,16,32000,16,"tokens; H=4096, I=14336, heads=32, D=128, vocab=32000",ok,cuda_events_backward_only,
True,0.0,0.0,0.4275360107421875,0.4512784034013748,15.625,1.0,torch.bfloat16,,0.2181120067834854,0.25618720054626465,23.43896484375,1.0,True,0.0,0.0,0.03276799991726875,0.03379200026392937,16.0947265625,1.0,cross_entropy,mixtral_dense,torch,,128,32,4096,14336,,64,32000,64,"tokens; H=4096, I=14336, heads=32, D=128, vocab=32000",ok,cuda_events_backward_only,
True,4.76837158203125e-07,0.007751937955617905,0.6020160019397736,0.6312752276659012,0.001953125,0.7101738315337318,torch.bfloat16,,0.6794400215148926,0.7546656131744385,3.9091796875,0.3210173081903222,True,0.0,0.0,0.021695999428629875,0.023552000522613525,0.00146484375,1.51032451973742,cross_entropy,mixtral_dense,triton,,128,32,4096,14336,,64,32000,64,"tokens; H=4096, I=14336, heads=32, D=128, vocab=32000",ok,cuda_events_backward_only,
True,0.0,0.0,0.38864000141620636,0.4515039950609207,64.0,1.0,torch.bfloat16,,0.2821120023727417,0.374783992767334,96.00146484375,1.0,True,0.0,0.0,0.10843199491500854,0.11059200018644333,64.0009765625,1.0,cross_entropy,mixtral_dense,torch,,128,32,4096,14336,,256,32000,256,"tokens; H=4096, I=14336, heads=32, D=128, vocab=32000",ok,cuda_events_backward_only,
True,1.1920928955078125e-07,0.007751937955617905,0.47575999796390533,0.6350815773010254,0.001953125,0.8168824682181276,torch.bfloat16,,0.6709280014038086,1.0214784145355225,16.0029296875,0.4204802926431269,True,9.5367431640625e-07,8.885407964953629e-08,0.03993599861860275,0.04095999896526337,0.001953125,2.715144197358305,cross_entropy,mixtral_dense,triton,,128,32,4096,14336,,256,32000,256,"tokens; H=4096, I=14336, heads=32, D=128, vocab=32000",ok,cuda_events_backward_only,
True,0.0,0.0,0.5784800052642822,0.6237999796867371,125.0,1.0,torch.bfloat16,,0.6717439889907837,0.6737920045852661,187.50146484375,1.0,True,0.0,0.0,0.27136000990867615,0.2734079957008362,125.0009765625,1.0,cross_entropy,mixtral_dense,torch,,128,32,4096,14336,,512,32000,512,"tokens; H=4096, I=14336, heads=32, D=128, vocab=32000",ok,cuda_events_backward_only,
True,5.960464477539063e-08,0.007751937955617905,0.434688001871109,0.44377600252628324,0.001953125,1.3307935870652567,torch.bfloat16,,0.6604959964752197,0.788283109664917,32.0029296875,1.0170296149796358,True,9.5367431640625e-07,8.79351773619419e-08,0.06348799914121628,0.06451199948787689,0.0029296875,4.274193762274511,cross_entropy,mixtral_dense,triton,,128,32,4096,14336,,512,32000,512,"tokens; H=4096, I=14336, heads=32, D=128, vocab=32000",ok,cuda_events_backward_only,
True,0.0,0.0,0.9574559926986694,0.9966080039739609,249.1484375,1.0,torch.bfloat16,,0.971776008605957,0.9747999906539917,251.10302734375,1.0,True,0.0,0.0,0.3624959886074066,0.36454400420188904,4.8837890625,1.0,fused_linear_cross_entropy,mixtral_dense,torch,,128,32,4096,14336,,16,32000,16,"tokens; H=4096, I=14336, heads=32, D=128, vocab=32000",ok,cuda_events_backward_only,
True,0.00390625,30136.109375,0.6111040115356445,0.6553599864244462,0.001953125,1.5667643717354698,torch.bfloat16,,1.1172800064086914,1.1526575088500977,251.10302734375,0.8697694427823581,True,0.0,0.0,0.3604480028152466,0.3635199964046478,0.978515625,1.0056817787202714,fused_linear_cross_entropy,mixtral_dense,triton,,128,32,4096,14336,,16,32000,16,"tokens; H=4096, I=14336, heads=32, D=128, vocab=32000",ok,cuda_events_backward_only,
True,0.0,0.0,0.8959520161151886,1.0223327815532686,246.59375,1.0,torch.bfloat16,,1.0076160430908203,1.0096640586853027,254.40771484375,1.0,True,0.0,0.0,0.38092800974845886,0.3829759955406189,19.6884765625,1.0,fused_linear_cross_entropy,mixtral_dense,torch,,128,32,4096,14336,,64,32000,64,"tokens; H=4096, I=14336, heads=32, D=128, vocab=32000",ok,cuda_events_backward_only,
True,0.0009765625,15068.4140625,0.6065599918365479,0.6400192111730576,0.001953125,1.4771037130266653,torch.bfloat16,,1.1400160789489746,1.1776719093322754,254.40771484375,0.8838612557287622,True,0.0,0.0,0.3725759983062744,0.37376001477241516,3.908203125,1.0224169336730025,fused_linear_cross_entropy,mixtral_dense,triton,,128,32,4096,14336,,64,32000,64,"tokens; H=4096, I=14336, heads=32, D=128, vocab=32000",ok,cuda_events_backward_only,
True,0.0,0.0,1.4300640225410461,1.4340095520019531,236.0,1.0,torch.bfloat16,,1.6394239664077759,1.6435199975967407,268.00146484375,1.0,True,0.0,0.0,0.5160959959030151,0.5222399830818176,80.0009765625,1.0,fused_linear_cross_entropy,mixtral_dense,torch,,128,32,4096,14336,,256,32000,256,"tokens; H=4096, I=14336, heads=32, D=128, vocab=32000",ok,cuda_events_backward_only,
True,0.000244140625,99.63013458251953,0.6223520040512085,0.6476592272520065,0.001953125,2.2978379007893053,torch.bfloat16,,1.9140160083770752,1.9770432710647583,267.62646484375,0.8565361832045855,True,6.103515625e-05,2.229795796893086e-07,0.46294400095939636,0.4670064151287079,16.00244140625,1.1148130115812445,fused_linear_cross_entropy,mixtral_dense,triton,,128,32,4096,14336,,256,32000,256,"tokens; H=4096, I=14336, heads=32, D=128, vocab=32000",ok,cuda_events_backward_only,
True,0.0,0.0,2.331136107444763,2.528841674327853,222.75,1.0,torch.bfloat16,,3.176448106765747,3.1859471797943115,285.25146484375,1.0,True,0.0,0.0,1.090559959411621,1.094655990600586,156.2509765625,1.0,fused_linear_cross_entropy,mixtral_dense,torch,,128,32,4096,14336,,512,32000,512,"tokens; H=4096, I=14336, heads=32, D=128, vocab=32000",ok,cuda_events_backward_only,
True,0.00018310546875,941.75341796875,0.6271840035915375,0.6521599888801575,0.001953125,3.71682966098566,torch.bfloat16,,3.0439200401306152,3.0801920890808105,285.25146484375,1.0435386162868605,True,3.0517578125e-05,1.1570062241617052e-07,0.8975839614868164,0.9084416031837463,31.25341796875,1.2149949266084776,fused_linear_cross_entropy,mixtral_dense,triton,,128,32,4096,14336,,512,32000,512,"tokens; H=4096, I=14336, heads=32, D=128, vocab=32000",ok,cuda_events_backward_only,
True,0.0,0.0,0.5242879986763,0.5526544243097306,2.76611328125,1.0,torch.bfloat16,,0.35548800230026245,0.3901439905166626,2.8935546875,1.0,True,0.0,0.0,0.0071680000983178616,0.008191999979317188,0.126953125,1.0,attention,mixtral_dense,torch,1,128,32,4096,14336,16,16,32000,16,"tokens; H=4096, I=14336, heads=32, D=128, vocab=32000",ok,cuda_events_backward_only,
True,0.015625,58.281768798828125,0.914432018995285,1.0484639883041382,0.51611328125,0.5733482509201193,torch.bfloat16,,0.8094720244407654,1.171455979347229,0.6572265625,0.4391603311378872,True,0.00048828125,0.003952569328248501,0.0071680000983178616,0.008191999979317188,0.140625,1.0,attention,mixtral_dense,triton,1,128,32,4096,14336,16,16,32000,16,"tokens; H=4096, I=14336, heads=32, D=128, vocab=32000",ok,cuda_events_backward_only,"{'flash_attention_forward': {'BLOCK_M': 64, 'BLOCK_N': 32, 'num_warps': 4, 'num_stages': 4, 'num_ctas': 1}, 'flash_attention_backward': {'BLOCK_M': 128, 'BLOCK_N': 128, 'num_warps': 8, 'num_stages': 1, 'num_ctas': 1}}"
True,0.0,0.0,0.5277920067310333,0.5550591945648193,5.01611328125,1.0,torch.bfloat16,,0.38092800974845886,0.43212801218032837,5.5244140625,1.0,True,0.0,0.0,0.009216000325977802,0.010239999741315842,0.5078125,1.0,attention,mixtral_dense,torch,1,128,32,4096,14336,64,64,32000,64,"tokens; H=4096, I=14336, heads=32, D=128, vocab=32000",ok,cuda_events_backward_only,
True,0.015625,9145.087890625,0.9011200070381165,1.071360045671463,2.01611328125,0.5857066790313848,torch.bfloat16,,1.4295680522918701,1.4911807775497437,2.5322265625,0.2664637119847206,True,0.0009765625,0.004115226212888956,0.011168000288307667,0.011264000087976456,0.515625,0.8252149075986763,attention,mixtral_dense,triton,1,128,32,4096,14336,64,64,32000,64,"tokens; H=4096, I=14336, heads=32, D=128, vocab=32000",ok,cuda_events_backward_only,"{'flash_attention_forward': {'BLOCK_M': 64, 'BLOCK_N': 64, 'num_warps': 4, 'num_stages': 3, 'num_ctas': 1}, 'flash_attention_backward': {'BLOCK_M': 128, 'BLOCK_N': 128, 'num_warps': 8, 'num_stages': 3, 'num_ctas': 1}}"
True,0.0001220703125,0.04417670518159866,0.5145279765129089,0.5542095720767976,16.03173828125,1.0,torch.bfloat16,,0.39423999190330505,0.4239743947982788,18.0634765625,1.0,True,0.0,0.0,0.035840000957250595,0.03788800165057182,10.09375,1.0,attention,mixtral_dense,torch,1,128,32,4096,14336,256,256,32000,256,"tokens; H=4096, I=14336, heads=32, D=128, vocab=32000",ok,cuda_events_backward_only,
True,0.015625,6518.39208984375,0.9191039800643921,1.1028992414474488,8.03173828125,0.5598147627179911,torch.bfloat16,,1.4018878936767578,1.4838272333145142,10.0634765625,0.2812207692794353,True,0.00390625,170.49514770507812,0.021503999829292297,0.02242879942059517,2.03125,1.6666667244123625,attention,mixtral_dense,triton,1,128,32,4096,14336,256,256,32000,256,"tokens; H=4096, I=14336, heads=32, D=128, vocab=32000",ok,cuda_events_backward_only,"{'flash_attention_forward': {'BLOCK_M': 64, 'BLOCK_N': 64, 'num_warps': 4, 'num_stages': 3, 'num_ctas': 1}, 'flash_attention_backward': {'BLOCK_M': 128, 'BLOCK_N': 128, 'num_warps': 8, 'num_stages': 3, 'num_ctas': 1}}"
True,0.0009765625,0.028708133846521378,0.5292479991912842,0.5400687962770462,32.06298828125,1.0,torch.bfloat16,,0.3819519877433777,0.42292478680610657,36.1259765625,1.0,True,0.0,0.0,0.050175998359918594,0.05119999870657921,4.0625,1.0,attention,mixtral_dense,torch,1,128,32,4096,14336,512,512,32000,512,"tokens; H=4096, I=14336, heads=32, D=128, vocab=32000",ok,cuda_events_backward_only,
True,0.015625,14905.888671875,0.9179520010948181,1.0628607809543609,16.06298828125,0.5765530208116149,torch.bfloat16,,1.4464000463485718,1.5163999795913696,20.1259765625,0.26407077952438757,True,0.00390625,2407.5634765625,0.043935999274253845,0.04403200000524521,4.0625,1.1420247448274459,attention,mixtral_dense,triton,1,128,32,4096,14336,512,512,32000,512,"tokens; H=4096, I=14336, heads=32, D=128, vocab=32000",ok,cuda_events_backward_only,"{'flash_attention_forward': {'BLOCK_M': 128, 'BLOCK_N': 32, 'num_warps': 8, 'num_stages': 4, 'num_ctas': 1}, 'flash_attention_backward': {'BLOCK_M': 128, 'BLOCK_N': 128, 'num_warps': 8, 'num_stages': 3, 'num_ctas': 1}}"
