attribute,token_position,token_id,token_text,profile_count,profile_probability,conditional_probability_when_present,unique_value_count
birth_date,1,2795, June,8530,0.0853,0.0853,4354
birth_date,1,2805, March,8458,0.08458,0.08458,4345
birth_date,1,3267, October,8416,0.08416,0.08416,4343
birth_date,1,2901, July,8402,0.08402,0.08402,4357
birth_date,1,3269, January,8363,0.08363,0.08363,4327
birth_date,1,2693, September,8345,0.08345,0.08345,4309
birth_date,1,3426, December,8344,0.08344,0.08344,4297
birth_date,1,3035, April,8313,0.08313,0.08313,4319
birth_date,1,1737, May,8298,0.08298,0.08298,4334
birth_date,1,2932, August,8253,0.08253,0.08253,4324
birth_date,1,3389, November,8148,0.08148,0.08148,4265
birth_date,1,3945, February,8130,0.0813,0.0813,4284
birth_date,2,1679, 25,3677,0.03677,0.03677,1876
birth_date,2,2242, 23,3657,0.03657,0.03657,1874
birth_date,2,1987, 24,3655,0.03655,0.03655,1891
birth_date,2,2681, 27,3645,0.03645,0.03645,1848
birth_date,2,1105, 12,3627,0.03627,0.03627,1864
birth_date,2,718, 6,3626,0.03626,0.03626,1854
birth_date,2,860, 9,3617,0.03617,0.03617,1883
birth_date,2,1467, 16,3610,0.0361,0.0361,1876
birth_date,2,1367, 11,3609,0.03609,0.03609,1872
birth_date,2,1315, 15,3598,0.03598,0.03598,1874
birth_date,2,2579, 28,3597,0.03597,0.03597,1857
birth_date,2,807, 8,3591,0.03591,0.03591,1855
birth_date,2,1160, 20,3581,0.03581,0.03581,1851
birth_date,2,1511, 13,3575,0.03575,0.03575,1832
birth_date,2,2534, 22,3563,0.03563,0.03563,1862
birth_date,2,767, 7,3560,0.0356,0.0356,1827
birth_date,2,2608, 26,3557,0.03557,0.03557,1829
birth_date,2,642, 5,3555,0.03555,0.03555,1849
birth_date,2,352, 1,3549,0.03549,0.03549,1869
birth_date,2,1596, 17,3542,0.03542,0.03542,1825
birth_date,2,604, 4,3529,0.03529,0.03529,1855
birth_date,2,838, 10,3527,0.03527,0.03527,1831
birth_date,2,513, 3,3526,0.03526,0.03526,1827
birth_date,2,1248, 18,3517,0.03517,0.03517,1821
birth_date,2,2310, 21,3510,0.0351,0.0351,1845
birth_date,2,362, 2,3475,0.03475,0.03475,1859
birth_date,2,1478, 14,3469,0.03469,0.03469,1821
birth_date,2,678, 19,3456,0.03456,0.03456,1831
birth_date,3,11,",",100000,1.0,1.0,51858
birth_date,4,1160, 20,36103,0.36103,0.36103,18597
birth_date,4,25054, 2030,556,0.00556,0.00556,257
birth_date,4,23234, 1941,545,0.00545,0.00545,271
birth_date,4,32216, 1911,542,0.00542,0.00542,265
birth_date,4,16489, 1974,541,0.00541,0.00541,263
birth_date,4,27653, 1936,541,0.00541,0.00541,267
birth_date,4,21794, 1948,540,0.0054,0.0054,266
birth_date,4,5075, 2005,538,0.00538,0.00538,268
birth_date,4,10249, 1991,534,0.00534,0.00534,268
birth_date,4,3050, 2010,534,0.00534,0.00534,261
birth_date,4,24718, 1954,533,0.00533,0.00533,265
birth_date,4,36117, 2048,529,0.00529,0.00529,274
birth_date,4,33160, 2022,529,0.00529,0.00529,266
birth_date,4,31953, 1910,529,0.00529,0.00529,269
birth_date,4,19342, 1963,528,0.00528,0.00528,255
birth_date,4,32215, 2050,525,0.00525,0.00525,259
birth_date,4,14745, 1981,524,0.00524,0.00524,269
birth_date,4,17575, 1964,522,0.00522,0.00522,261
birth_date,4,22458, 1942,522,0.00522,0.00522,268
birth_date,4,35369, 1921,521,0.00521,0.00521,265
birth_date,4,26539, 1933,521,0.00521,0.00521,266
birth_date,4,6244, 2002,520,0.0052,0.0052,253
birth_date,4,13521, 1979,519,0.00519,0.00519,270
birth_date,4,41625, 1903,518,0.00518,0.00518,257
birth_date,4,24648, 1958,518,0.00518,0.00518,265
birth_date,4,2321, 2012,518,0.00518,0.00518,258
birth_date,4,4793, 2006,517,0.00517,0.00517,265
birth_date,4,13130, 2019,517,0.00517,0.00517,255
birth_date,4,4343, 2007,517,0.00517,0.00517,269
birth_date,4,24217, 1953,517,0.00517,0.00517,269
birth_date,4,8069, 1970,514,0.00514,0.00514,274
birth_date,4,15533, 1930,514,0.00514,0.00514,265
birth_date,4,7795, 1998,513,0.00513,0.00513,251
birth_date,4,1584, 2016,513,0.00513,0.00513,263
birth_date,4,34463, 1912,511,0.00511,0.00511,267
birth_date,4,19322, 1966,510,0.0051,0.0051,263
birth_date,4,15674, 1973,510,0.0051,0.0051,265
birth_date,4,11104, 1989,510,0.0051,0.0051,267
birth_date,4,35145, 1913,510,0.0051,0.0051,269
birth_date,4,4751, 2000,509,0.00509,0.00509,261
birth_date,4,5878, 2001,509,0.00509,0.00509,265
birth_date,4,29300, 1934,508,0.00508,0.00508,257
birth_date,4,24168, 1917,507,0.00507,0.00507,259
birth_date,4,25325, 1955,507,0.00507,0.00507,260
birth_date,4,26833, 1914,507,0.00507,0.00507,263
birth_date,4,20033, 1962,507,0.00507,0.00507,275
birth_date,4,15231, 1975,507,0.00507,0.00507,261
birth_date,4,32811, 1916,506,0.00506,0.00506,259
birth_date,4,25859, 1918,505,0.00505,0.00505,263
birth_date,4,15761, 1945,505,0.00505,0.00505,261
birth_date,4,12122, 1988,504,0.00504,0.00504,259
birth_date,4,8735, 1995,504,0.00504,0.00504,258
birth_date,4,7169, 1980,504,0.00504,0.00504,265
birth_date,4,11445, 1950,503,0.00503,0.00503,261
birth_date,4,22717, 1946,503,0.00503,0.00503,267
birth_date,4,32190, 2025,503,0.00503,0.00503,259
birth_date,4,30704, 1935,503,0.00503,0.00503,257
birth_date,4,15589, 1977,503,0.00503,0.00503,262
birth_date,4,40538, 1906,501,0.00501,0.00501,272
birth_date,4,1853, 2015,501,0.00501,0.00501,260
birth_date,4,5816, 2003,501,0.00501,0.00501,266
birth_date,4,14489, 1982,501,0.00501,0.00501,257
birth_date,4,23859, 1959,500,0.005,0.005,268
birth_date,4,48609, 2024,500,0.005,0.005,265
birth_date,4,30992, 1919,499,0.00499,0.00499,261
birth_date,4,14062, 1920,499,0.00499,0.00499,262
birth_date,4,26352, 1952,499,0.00499,0.00499,258
birth_date,4,38525, 1926,498,0.00498,0.00498,257
birth_date,4,27937, 1951,497,0.00497,0.00497,265
birth_date,4,33448, 2021,497,0.00497,0.00497,257
birth_date,4,3648, 2008,497,0.00497,0.00497,259
birth_date,4,12844, 1984,497,0.00497,0.00497,263
birth_date,4,21577, 1943,496,0.00496,0.00496,250
birth_date,4,3717, 2009,496,0.00496,0.00496,266
birth_date,4,41435, 1907,496,0.00496,0.00496,258
birth_date,4,8235, 1996,496,0.00496,0.00496,255
birth_date,4,32471, 1932,496,0.00496,0.00496,251
birth_date,4,35768, 1928,496,0.00496,0.00496,258
birth_date,4,8309, 1997,495,0.00495,0.00495,245
birth_date,4,9768, 1992,494,0.00494,0.00494,264
birth_date,4,15963, 1968,494,0.00494,0.00494,267
birth_date,4,37166, 1905,494,0.00494,0.00494,257
birth_date,4,9162, 1994,493,0.00493,0.00493,261
birth_date,4,21709, 1947,492,0.00492,0.00492,267
birth_date,4,2177, 2017,491,0.00491,0.00491,257
birth_date,4,12113, 1986,491,0.00491,0.00491,258
birth_date,4,37272, 1923,491,0.00491,0.00491,260
birth_date,4,5472, 2004,491,0.00491,0.00491,267
birth_date,4,16101, 1972,490,0.0049,0.0049,259
birth_date,4,16450, 1969,489,0.00489,0.00489,255
birth_date,4,2864, 2018,489,0.00489,0.00489,258
birth_date,4,20510, 1961,489,0.00489,0.00489,255
birth_date,4,1946, 2014,488,0.00488,0.00488,258
birth_date,4,15408, 1976,487,0.00487,0.00487,258
birth_date,4,36565, 1927,486,0.00486,0.00486,265
birth_date,4,28017, 1938,486,0.00486,0.00486,253
birth_date,4,2813, 2011,486,0.00486,0.00486,263
birth_date,4,28684, 1937,486,0.00486,0.00486,265
birth_date,4,15524, 1978,485,0.00485,0.00485,259
birth_date,4,43785, 1904,485,0.00485,0.00485,246
birth_date,4,36094, 1922,484,0.00484,0.00484,255
birth_date,4,24977, 1949,484,0.00484,0.00484,252
birth_date,4,34625, 1931,484,0.00484,0.00484,251
birth_date,4,39923, 1901,484,0.00484,0.00484,253
birth_date,4,12131, 2020,483,0.00483,0.00483,255
birth_date,4,25177, 1957,483,0.00483,0.00483,253
birth_date,4,6303, 1990,483,0.00483,0.00483,253
birth_date,4,45611, 1902,483,0.00483,0.00483,249
birth_date,4,16236, 1940,480,0.0048,0.0048,250
birth_date,4,40417, 1908,480,0.0048,0.0048,266
birth_date,4,16382, 1971,477,0.00477,0.00477,260
birth_date,4,17672, 1965,476,0.00476,0.00476,263
birth_date,4,32062, 1915,475,0.00475,0.00475,252
birth_date,4,37547, 1924,475,0.00475,0.00475,255
birth_date,4,31883, 1929,474,0.00474,0.00474,255
birth_date,4,9507, 1960,474,0.00474,0.00474,250
birth_date,4,9656, 1993,473,0.00473,0.00473,247
birth_date,4,7358, 1999,472,0.00472,0.00472,252
birth_date,4,21489, 1900,472,0.00472,0.00472,259
birth_date,4,25190, 1956,466,0.00466,0.00466,249
birth_date,4,16994, 1944,466,0.00466,0.00466,246
birth_date,4,2211, 2013,465,0.00465,0.00465,255
birth_date,4,15904, 1967,465,0.00465,0.00465,254
birth_date,4,41507, 1909,455,0.00455,0.00455,252
birth_date,4,12863, 1985,455,0.00455,0.00455,250
birth_date,4,12923, 1987,446,0.00446,0.00446,250
birth_date,4,13540, 1983,444,0.00444,0.00444,248
birth_date,4,24414, 1939,441,0.00441,0.00441,252
birth_date,4,36864, 1925,439,0.00439,0.00439,250
birth_date,5,4310,53,556,0.00556,0.015400382239703072,266
birth_date,5,4349,51,543,0.00543,0.015040301359997784,256
birth_date,5,6469,82,532,0.00532,0.014735617538708695,269
birth_date,5,2682,34,532,0.00532,0.014735617538708695,271
birth_date,5,3132,31,531,0.00531,0.014707919009500596,252
birth_date,5,6052,93,529,0.00529,0.014652521951084397,274
birth_date,5,1954,23,528,0.00528,0.014624823421876298,267
birth_date,5,2816,55,527,0.00527,0.0145971248926682,271
birth_date,5,2598,44,525,0.00525,0.014541727834252002,267
birth_date,5,5999,83,525,0.00525,0.014541727834252002,280
birth_date,5,2670,39,524,0.00524,0.014514029305043903,266
birth_date,5,2623,36,521,0.00521,0.014430933717419605,262
birth_date,5,2425,75,521,0.00521,0.014430933717419605,260
birth_date,5,3388,69,520,0.0052,0.014403235188211506,257
birth_date,5,3559,43,520,0.0052,0.014403235188211506,266
birth_date,5,5332,85,517,0.00517,0.01432013960058721,261
birth_date,5,5607,97,517,0.00517,0.01432013960058721,258
birth_date,5,3510,46,516,0.00516,0.01429244107137911,263
birth_date,5,2414,64,516,0.00516,0.01429244107137911,265
birth_date,5,4051,54,516,0.00516,0.01429244107137911,253
birth_date,5,4309,52,515,0.00515,0.01426474254217101,264
birth_date,5,1959,29,514,0.00514,0.014237044012962911,273
birth_date,5,2075,26,514,0.00514,0.014237044012962911,256
birth_date,5,4521,86,514,0.00514,0.014237044012962911,260
birth_date,5,2548,38,512,0.00512,0.014181646954546713,258
birth_date,5,5066,63,511,0.00511,0.014153948425338615,260
birth_date,5,6659,81,510,0.0051,0.014126249896130516,268
birth_date,5,4869,71,510,0.0051,0.014126249896130516,266
birth_date,5,5892,92,510,0.0051,0.014126249896130516,259
birth_date,5,6420,91,510,0.0051,0.014126249896130516,261
birth_date,5,4846,96,510,0.0051,0.014126249896130516,268
birth_date,5,3682,42,509,0.00509,0.014098551366922417,261
birth_date,5,1821,40,509,0.00509,0.014098551366922417,260
birth_date,5,3553,57,508,0.00508,0.014070852837714318,261
birth_date,5,2154,70,507,0.00507,0.014043154308506218,257
birth_date,5,2091,33,505,0.00505,0.01398775725009002,248
birth_date,5,2718,37,504,0.00504,0.013960058720881921,260
birth_date,5,4524,74,503,0.00503,0.013932360191673822,256
birth_date,5,2920,49,501,0.00501,0.013876963133257625,261
birth_date,5,3695,78,500,0.005,0.013849264604049526,254
birth_date,5,3134,67,498,0.00498,0.013793867545633326,259
birth_date,5,4790,73,498,0.00498,0.013793867545633326,261
birth_date,5,5705,84,497,0.00497,0.013766169016425227,264
birth_date,5,3901,41,497,0.00497,0.013766169016425227,264
birth_date,5,2079,99,494,0.00494,0.013683073428800931,258
birth_date,5,3324,77,492,0.00492,0.013627676370384733,259
birth_date,5,2078,28,489,0.00489,0.013544580782760435,254
birth_date,5,5333,61,488,0.00488,0.013516882253552336,260
birth_date,5,1983,27,488,0.00488,0.013516882253552336,257
birth_date,5,3459,88,487,0.00487,0.013489183724344237,252
birth_date,5,5237,62,487,0.00487,0.013489183724344237,248
birth_date,5,3720,79,487,0.00487,0.013489183724344237,242
birth_date,5,4761,72,486,0.00486,0.013461485195136139,262
birth_date,5,1899,60,486,0.00486,0.013461485195136139,252
birth_date,5,2791,66,485,0.00485,0.01343378666592804,249
birth_date,5,2624,32,485,0.00485,0.01343378666592804,254
birth_date,5,2327,35,485,0.00485,0.01343378666592804,254
birth_date,5,3980,56,485,0.00485,0.01343378666592804,260
birth_date,5,2857,47,484,0.00484,0.013406088136719941,256
birth_date,5,5824,94,484,0.00484,0.013406088136719941,245
birth_date,5,3365,58,484,0.00484,0.013406088136719941,248
birth_date,5,1795,80,483,0.00483,0.01337838960751184,252
birth_date,5,3865,95,479,0.00479,0.013267595490679445,245
birth_date,5,5774,87,478,0.00478,0.013239896961471346,253
birth_date,5,4304,76,475,0.00475,0.013156801373847048,255
birth_date,5,2996,65,469,0.00469,0.012990610198598455,258
birth_date,5,2231,45,468,0.00468,0.012962911669390356,235
birth_date,5,3270,59,466,0.00466,0.012907514610974157,253
birth_date,5,4089,98,463,0.00463,0.01282441902334986,256
birth_date,5,3829,90,461,0.00461,0.012769021964933663,236
birth_date,5,3104,68,455,0.00455,0.012602830789685068,254
birth_date,5,4531,89,448,0.00448,0.012408941085228374,247
birth_city,1,10727, Portland,5153,0.05153,0.05153,10
birth_city,1,14909, Madison,5126,0.05126,0.05126,10
birth_city,1,10656, Denver,5091,0.05091,0.05091,10
birth_city,1,39927, Fresno,5086,0.05086,0.05086,10
birth_city,1,29285, Albany,5071,0.05071,0.05071,10
birth_city,1,8437, Miami,5041,0.05041,0.05041,10
birth_city,1,12369, Oakland,5032,0.05032,0.05032,10
birth_city,1,6182, Boston,5028,0.05028,0.05028,10
birth_city,1,34520, Raleigh,5016,0.05016,0.05016,10
birth_city,1,9533, Austin,4992,0.04992,0.04992,10
birth_city,1,14457, Cambridge,4971,0.04971,0.04971,10
birth_city,1,30928, Durham,4956,0.04956,0.04956,10
birth_city,1,4842, Chicago,4954,0.04954,0.04954,10
birth_city,1,9371, Atlanta,4953,0.04953,0.04953,10
birth_city,1,7312, Seattle,4946,0.04946,0.04946,10
birth_city,1,13117, Orlando,4942,0.04942,0.04942,10
birth_city,1,9643, Phoenix,4933,0.04933,0.04933,10
birth_city,1,8533, Dallas,4846,0.04846,0.04846,10
birth_city,1,45132, Tacoma,4796,0.04796,0.04796,10
birth_city,1,23173, Princeton,4550,0.0455,0.0455,9
birth_city,1,968, New,517,0.00517,0.00517,1
birth_city,2,17,2,10143,0.10143,0.10143,20
birth_city,2,19,4,10135,0.10135,0.10135,20
birth_city,2,23,8,10053,0.10053,0.10053,20
birth_city,2,21,6,10024,0.10024,0.10024,20
birth_city,2,24,9,9991,0.09991,0.09991,20
birth_city,2,18,3,9980,0.0998,0.0998,20
birth_city,2,20,5,9940,0.0994,0.0994,20
birth_city,2,22,7,9891,0.09891,0.09891,20
birth_city,2,16,1,9883,0.09883,0.09883,20
birth_city,2,11,",",9443,0.09443,0.09443,19
birth_city,2,1971, York,517,0.00517,0.00517,1
birth_city,3,11,",",90557,0.90557,0.90557,181
birth_city,3,8779, MA,1031,0.01031,0.01031,2
birth_city,3,15326, TX,1018,0.01018,0.01018,2
birth_city,3,18723, OH,1012,0.01012,0.01012,2
birth_city,3,8147, PA,1004,0.01004,0.01004,2
birth_city,3,14545, GA,1000,0.01,0.01,2
birth_city,3,14639, IL,999,0.00999,0.00999,2
birth_city,3,6645, NY,982,0.00982,0.00982,2
birth_city,3,8823, NC,944,0.00944,0.00944,2
birth_city,3,16400, WA,942,0.00942,0.00942,2
birth_city,3,7257, CA,511,0.00511,0.00511,1
birth_city,4,6645, NY,9534,0.09534,0.10528175624192497,19
birth_city,4,18723, OH,9227,0.09227,0.10189162626853805,18
birth_city,4,8147, PA,9064,0.09064,0.10009165497973652,18
birth_city,4,14545, GA,9027,0.09027,0.09968307253994721,18
birth_city,4,16400, WA,8995,0.08995,0.09932970394337268,18
birth_city,4,8779, MA,8993,0.08993,0.09930761840608678,18
birth_city,4,7257, CA,8993,0.08993,0.09930761840608678,18
birth_city,4,14639, IL,8975,0.08975,0.0991088485705136,18
birth_city,4,15326, TX,8881,0.08881,0.09807082831807591,18
birth_city,4,8823, NC,8868,0.08868,0.0979272723257175,18
university,1,7312, Seattle,5143,0.05143,0.05143,15
university,1,9371, Atlanta,5071,0.05071,0.05071,15
university,1,8437, Miami,5062,0.05062,0.05062,15
university,1,34520, Raleigh,5055,0.05055,0.05055,15
university,1,29285, Albany,5050,0.0505,0.0505,15
university,1,14909, Madison,5034,0.05034,0.05034,15
university,1,12369, Oakland,5027,0.05027,0.05027,15
university,1,10727, Portland,5021,0.05021,0.05021,15
university,1,13117, Orlando,5021,0.05021,0.05021,15
university,1,10656, Denver,5014,0.05014,0.05014,15
university,1,39927, Fresno,5004,0.05004,0.05004,15
university,1,23173, Princeton,4995,0.04995,0.04995,15
university,1,8533, Dallas,4993,0.04993,0.04993,15
university,1,9643, Phoenix,4966,0.04966,0.04966,15
university,1,6182, Boston,4962,0.04962,0.04962,15
university,1,14457, Cambridge,4961,0.04961,0.04961,15
university,1,45132, Tacoma,4957,0.04957,0.04957,15
university,1,9533, Austin,4923,0.04923,0.04923,15
university,1,30928, Durham,4899,0.04899,0.04899,15
university,1,4842, Chicago,4842,0.04842,0.04842,15
university,2,1415,14,6761,0.06761,0.06761,20
university,2,23,8,6704,0.06704,0.06704,20
university,2,19,4,6702,0.06702,0.06702,20
university,2,1065,12,6689,0.06689,0.06689,20
university,2,18,3,6682,0.06682,0.06682,20
university,2,21,6,6681,0.06681,0.06681,20
university,2,1485,13,6675,0.06675,0.06675,20
university,2,16,1,6662,0.06662,0.06662,20
university,2,1157,11,6657,0.06657,0.06657,20
university,2,22,7,6657,0.06657,0.06657,20
university,2,20,5,6651,0.06651,0.06651,20
university,2,24,9,6638,0.06638,0.06638,20
university,2,17,2,6628,0.06628,0.06628,20
university,2,2059, University,6623,0.06623,0.06623,20
university,2,940,10,6590,0.0659,0.0659,20
university,3,2059, University,93377,0.93377,1.0,280
major,1,39448, Mathematics,5134,0.05134,0.05134,5
major,1,26099, Philosophy,5118,0.05118,0.05118,5
major,1,14620, Communications,5095,0.05095,0.05095,5
major,1,14370, Statistics,5090,0.0509,0.0509,5
major,1,14611, Political,5084,0.05084,0.05084,5
major,1,29778, Architecture,5082,0.05082,0.05082,5
major,1,24698, Biology,5045,0.05045,0.05045,5
major,1,23123, Physics,5014,0.05014,0.05014,5
major,1,18430, Psychology,5014,0.05014,0.05014,5
major,1,7849, Music,5012,0.05012,0.05012,5
major,1,13851, Computer,5005,0.05005,0.05005,5
major,1,14044, Engineering,4981,0.04981,0.04981,5
major,1,18963, Economics,4973,0.04973,0.04973,5
major,1,406, L,4960,0.0496,0.0496,5
major,1,8495, Design,4958,0.04958,0.04958,5
major,1,15007, Finance,4955,0.04955,0.04955,5
major,1,31339, Soci,4904,0.04904,0.04904,5
major,1,27867, Chemistry,4886,0.04886,0.04886,5
major,1,7443, History,4863,0.04863,0.04863,5
major,1,6060, Data,4827,0.04827,0.04827,5
major,2,18,3,15101,0.15101,0.1780274450627181,15
major,2,16,1,15057,0.15057,0.177508723946053,15
major,2,19,4,14965,0.14965,0.17642412524757145,15
major,2,17,2,14921,0.14921,0.17590540413090636,15
major,2,5800, Science,14916,0.14916,0.17584645854946712,15
major,2,6680,ingu,4960,0.0496,0.058474016787701595,5
major,2,1435,ology,4904,0.04904,0.05781382627558238,5
major,3,3969,istics,4960,0.0496,0.23751376717904515,5
major,3,16,1,4052,0.04052,0.19403342431642964,4
major,3,19,4,4045,0.04045,0.19369822343533016,4
major,3,17,2,3926,0.03926,0.18799980845663938,4
major,3,18,3,3900,0.039,0.18675477661255566,4
major,4,19,4,1015,0.01015,0.25657229524772496,1
major,4,18,3,994,0.00994,0.2512639029322548,1
major,4,16,1,979,0.00979,0.2474721941354904,1
major,4,17,2,968,0.00968,0.24469160768452983,1
company,1,33925, Rooney,5437,0.05437,0.05437,14
company,1,1114, For,5370,0.0537,0.0537,14
company,1,520, St,5314,0.05314,0.05314,14
company,1,11768, Cole,5057,0.05057,0.05057,13
company,1,17704, Brooks,5039,0.05039,0.05039,13
company,1,11345, Hart,5031,0.05031,0.05031,13
company,1,18489, Foster,5026,0.05026,0.05026,13
company,1,16902, Dennis,5020,0.0502,0.0502,13
company,1,12150, Ward,4949,0.04949,0.04949,13
company,1,12723, Gray,4948,0.04948,0.04948,13
company,1,15016, Lane,4938,0.04938,0.04938,13
company,1,25109, Hayes,4922,0.04922,0.04922,13
company,1,8026, Stone,4909,0.04909,0.04909,13
company,1,16105, Reed,4902,0.04902,0.04902,13
company,1,17468, Bennett,4881,0.04881,0.04881,13
company,1,19136, Wade,4876,0.04876,0.04876,13
company,1,10831, Carter,4866,0.04866,0.04866,13
company,1,6372, Cross,4844,0.04844,0.04844,13
company,1,22102, Kenny,4841,0.04841,0.04841,13
company,1,7886, Price,4830,0.0483,0.0483,13
company,2,19,4,7038,0.07038,0.07038,18
company,2,940,10,7013,0.07013,0.07013,18
company,2,1065,12,6885,0.06885,0.06885,18
company,2,21,6,6868,0.06868,0.06868,18
company,2,1157,11,6846,0.06846,0.06846,18
company,2,18,3,6823,0.06823,0.06823,18
company,2,22,7,6821,0.06821,0.06821,18
company,2,16,1,6808,0.06808,0.06808,18
company,2,4912, Group,6787,0.06787,0.06787,18
company,2,17,2,6783,0.06783,0.06783,18
company,2,20,5,6782,0.06782,0.06782,18
company,2,24,9,6778,0.06778,0.06778,18
company,2,23,8,6704,0.06704,0.06704,18
company,2,1362,ger,5370,0.0537,0.0537,14
company,2,3369,okes,5314,0.05314,0.05314,14
company,2,1485,13,380,0.0038,0.0038,1
company,3,4912, Group,83300,0.833,0.8936521729801638,219
company,3,16,1,821,0.00821,0.008807784321929345,2
company,3,20,5,808,0.00808,0.00866831879673436,2
company,3,21,6,802,0.00802,0.008603950092798214,2
company,3,19,4,791,0.00791,0.008485940802248614,2
company,3,1485,13,778,0.00778,0.008346475277053629,2
company,3,940,10,757,0.00757,0.008121184813277118,2
company,3,24,9,753,0.00753,0.008078272343986354,2
company,3,22,7,750,0.0075,0.00804608799201828,2
company,3,17,2,750,0.0075,0.00804608799201828,2
company,3,18,3,747,0.00747,0.008013903640050208,2
company,3,23,8,730,0.0073,0.00783152564556446,2
company,3,1065,12,715,0.00715,0.0076706038857240946,2
company,3,1157,11,711,0.00711,0.00762769141643333,2
company,4,4912, Group,9913,0.09913,1.0,26
company_city,1,968, New,13673,0.13673,0.13673,1
company_city,1,14457, Cambridge,7536,0.07536,0.07536,10
company_city,1,8533, Dallas,6397,0.06397,0.06397,10
company_city,1,34520, Raleigh,6190,0.0619,0.0619,10
company_city,1,10727, Portland,5014,0.05014,0.05014,10
company_city,1,8437, Miami,4546,0.04546,0.04546,10
company_city,1,9533, Austin,3947,0.03947,0.03947,10
company_city,1,30928, Durham,3906,0.03906,0.03906,10
company_city,1,7312, Seattle,3856,0.03856,0.03856,10
company_city,1,9643, Phoenix,3825,0.03825,0.03825,10
company_city,1,13117, Orlando,3817,0.03817,0.03817,10
company_city,1,12369, Oakland,3813,0.03813,0.03813,10
company_city,1,6182, Boston,3799,0.03799,0.03799,10
company_city,1,45132, Tacoma,3785,0.03785,0.03785,10
company_city,1,14909, Madison,3774,0.03774,0.03774,10
company_city,1,10656, Denver,3771,0.03771,0.03771,10
company_city,1,9371, Atlanta,3768,0.03768,0.03768,10
company_city,1,39927, Fresno,3760,0.0376,0.0376,10
company_city,1,4842, Chicago,3745,0.03745,0.03745,10
company_city,1,29285, Albany,3742,0.03742,0.03742,10
company_city,1,23173, Princeton,3336,0.03336,0.03336,9
company_city,2,1971, York,13673,0.13673,0.13673,1
company_city,2,16,1,8811,0.08811,0.08811,20
company_city,2,23,8,8798,0.08798,0.08798,20
company_city,2,18,3,8793,0.08793,0.08793,20
company_city,2,24,9,8775,0.08775,0.08775,20
company_city,2,22,7,8717,0.08717,0.08717,20
company_city,2,20,5,8713,0.08713,0.08713,20
company_city,2,19,4,8683,0.08683,0.08683,20
company_city,2,11,",",8504,0.08504,0.08504,19
company_city,2,21,6,8305,0.08305,0.08305,20
company_city,2,17,2,8228,0.08228,0.08228,20
company_city,3,11,",",91496,0.91496,0.91496,181
company_city,3,14639, IL,1203,0.01203,0.01203,2
company_city,3,8823, NC,1147,0.01147,0.01147,2
company_city,3,6645, NY,1140,0.0114,0.0114,2
company_city,3,16400, WA,818,0.00818,0.00818,2
company_city,3,8779, MA,778,0.00778,0.00778,2
company_city,3,15326, TX,767,0.00767,0.00767,2
company_city,3,18723, OH,760,0.0076,0.0076,2
company_city,3,14545, GA,752,0.00752,0.00752,2
company_city,3,8147, PA,732,0.00732,0.00732,2
company_city,3,7257, CA,407,0.00407,0.00407,1
company_city,4,6645, NY,23868,0.23868,0.2608638629011104,19
company_city,4,16400, WA,9350,0.0935,0.10219025968348343,18
company_city,4,8823, NC,8828,0.08828,0.0964850922444697,18
company_city,4,18723, OH,8014,0.08014,0.08758852846026056,18
company_city,4,14639, IL,7168,0.07168,0.07834222261082452,18
company_city,4,8779, MA,6982,0.06982,0.07630934685669319,18
company_city,4,14545, GA,6896,0.06896,0.07536941505639591,18
company_city,4,8147, PA,6859,0.06859,0.07496502579347732,18
company_city,4,15326, TX,6857,0.06857,0.07494316691440063,18
company_city,4,7257, CA,6674,0.06674,0.07294307947888433,18
